,Dist ID,Dist Name,City,Zip Code,Address,Lat,Lng,2018 Rank,2018 Rank of,2018 Rank Stars,2018 State Rank,2018 Rank Score,2019 Rank,2019 Rank of,2019 Rank Stars,2019 State Rank,2019 Rank Score,2019 Student Count,Low Grade,High Grade,School Count
0,3409930,Mendham Township School District,Brookside,07926,18 West Main Street,,,1,618,5,99.84,0.9942911,2,5,611,99.67,0.9908835,696.0,PK,8,2
1,3414370,Rumson Borough School District,Rumson,07760,60 Forrest Avenue,,,1,618,5,99.84,0.9942911,2,5,611,99.67,0.9908835,,PK,8,2
2,3403390,Closter Public School District,Closter,07624,340 Homans Avenue,,,1,618,5,99.84,0.9942911,2,5,611,99.67,0.9908835,,PK,8,2
3,3404950,Fair Haven School District,Fair Haven,07704,224 Hance Road,,,1,618,5,99.84,0.9942911,2,5,611,99.67,0.9908835,,PK,8,2
4,3400750,Allendale Public School District,Allendale,07401,100 Brookside Avenue,,,1,618,5,99.84,0.9942911,2,5,611,99.67,0.9908835,,PK,8,2
5,3411520,North Caldwell School District,North Caldwell,07006,132A Gould Avenue,,,1,618,5,99.84,0.9942911,2,5,611,99.67,0.9908835,,PK,6,2
6,3418040,Union County Vocational-Technical School District,Scotch Plains,07076,1776 Raritan Road,,,1,618,5,99.84,0.9942911,2,5,611,99.67,0.9908835,,9,12,8
7,3400043,Princeton Charter School,Princeton,08540,100 Bunn Drive,,,1,618,5,99.84,0.9942911,2,5,611,99.67,0.9908835,,K,8,1
8,3417500,Monmouth County Vocational School District,Freehold,07728,4000 Kozloski Road,,,1,618,5,99.84,0.9942911,2,5,611,99.67,0.9908835,,9,12,9
9,3400870,Alpine Elementary School District,Alpine,07620,500 Hillside Ave.,,,1,618,5,99.84,0.9942911,2,5,611,99.67,0.9908835,,K,8,1
10,3407320,Ho-Ho-Kus School District,Ho Ho Kus,07423,70 Lloyd Road,,,1,618,5,99.84,0.9942911,2,5,611,99.67,0.9908835,,PK,8,1
11,3404770,Englewood Cliffs School District,Englewood Cliffs,07632,143 Charlotte Place,,,1,618,5,99.84,0.9942911,2,5,611,99.67,0.9908835,,PK,8,2
12,3414520,Saddle River School Distict,Saddle River,07458,97 E. Allendale Road,,,1,618,5,99.84,0.9942911,2,5,611,99.67,0.9908835,,PK,5,1
13,3410200,Millburn Township School District,Millburn,07041,434 Millburn Avenue,,,1,618,5,99.84,0.9942911,2,5,611,99.67,0.9908835,,PK,12,8
14,3414730,Sea Girt Borough School District,Sea Girt,08750,451 Bell Place,,,1,618,5,99.84,0.9942911,2,5,611,99.67,0.9908835,,PK,8,1
15,3416620,Upper Saddle River School District,Upper Saddle River,07458,395 West Saddle River Road,,,1,618,5,99.84,0.9942911,2,5,611,99.67,0.9908835,,PK,8,3
16,3404830,Essex Fells School District,Essex Fells,07021,102 Hawthorne Road,,,1,618,5,99.84,0.9942911,2,5,611,99.67,0.9908835,,PK,6,1
17,3406720,Harding Township School District,New Vernon,07976,34 Lees Hill Road,,,1,618,5,99.84,0.9942911,2,5,611,99.67,0.9908835,,PK,8,1
18,3410720,Morris County Vocational School District,Denville,07834,400 East Main Street,,,1,618,5,99.84,0.9942911,2,5,611,99.67,0.9908835,,9,12,5
19,3408790,Little Silver Boro School District,Little Silver,07739,124 Willow Drive,,,1,618,5,99.84,0.9942911,2,5,611,99.67,0.9908835,,PK,8,2
20,3415810,Stone Harbor School District,Stone Harbor,08247,275 93rd Street,,,1,618,5,99.84,0.9942911,2,5,611,99.67,0.9908835,,K,4,1
21,3400735,Hatikvah International Academy Charter School,East Brunswick,08816,7 Lexington Avenue,,,1,618,5,99.84,0.9942911,2,5,611,99.67,0.9908835,,K,8,1
22,3411310,New Providence School District,New Providence,07974,356 Elkwood Avenue,,,1,618,5,99.84,0.9942911,2,5,611,99.67,0.9908835,,PK,12,4
23,3400767,Jersey City Global Charter School,Jersey City,07307,255 Congress Street,,,1,618,5,99.84,0.9942911,2,5,611,99.67,0.9908835,,K,7,1
24,3408730,Little Falls Township Public School District,Little Falls,07424,560 Main Street,,,1,618,5,99.84,0.9942911,2,5,611,99.67,0.9908835,,PK,8,3
25,3418210,Woodcliff Lake School District,Woodcliff Lake,07677,134 Woodcliff Avenue,,,1,618,5,99.84,0.9942911,2,5,611,99.67,0.9908835,,PK,8,2
26,3411760,Northern Valley Regional High School District,Demarest,07627,162 Knickerbocker Road,,,1,618,5,99.84,0.9942911,2,5,611,99.67,0.9908835,,PK,12,3
27,3409690,Margate City School District,Margate City,08402,8103 Winchester Avenue,,,1,618,5,99.84,0.9942911,2,5,611,99.67,0.9908835,,PK,8,2
28,3415900,Summit Public School District,Summit,07901,14 Beekman Terrace,,,1,618,5,99.84,0.9942911,2,5,611,99.67,0.9908835,,PK,12,9
29,3401470,Bergen County Vocational Technical School District,Paramus,07652,540 Farview Avenue,,,1,618,5,99.84,0.9942911,2,5,611,99.67,0.9908835,,9,12,5
30,3402610,Califon Borough School District,Califon,07830,6 School St,,,1,618,5,99.84,0.9942911,2,5,611,99.67,0.9908835,,PK,8,1
31,3413890,River Edge School District,River Edge,07661,410 Bogert Road,,,1,618,5,99.84,0.9942911,2,5,611,99.67,0.9908835,,PK,6,2
32,3412240,Oradell Public School District,Oradell,07649,350 Prospect Avenue,,,1,618,5,99.84,0.9942911,2,5,611,99.67,0.9908835,,PK,6,1
33,3410380,Monmouth Beach School District,Monmouth Beach,07750,7 Hastings Place,,,1,618,5,99.84,0.9942911,2,5,611,99.67,0.9908835,,PK,8,1
34,3406840,Harrington Park School District,Harrington Park,07640,191 Harriot Avenue,,,1,618,5,99.84,0.9942911,2,5,611,99.67,0.9908835,,PK,8,1
35,3409810,Maywood School District,Maywood,07607,452 Maywood Avenue,,,1,618,5,99.84,0.9942911,2,5,611,99.67,0.9908835,,PK,8,2
36,3412260,River Dell Regional School District,River Edge,07661,230 Woodland Avenue,,,1,618,5,99.84,0.9942911,2,5,611,99.67,0.9908835,,7,12,2
37,3400025,Robert Treat Academy Charter School,Newark,07104,443 Clifton Avenue,,,1,618,5,99.84,0.9942911,2,5,611,99.67,0.9908835,,K,8,1
38,3405940,Glen Ridge Public School District,Glen Ridge,07028,12 High Street,,,1,618,5,99.84,0.9942911,2,5,611,99.67,0.9908835,,PK,12,4
39,3413830,Ridgewood Public School District,Ridgewood,07450,49 Cottage Place,,,1,618,5,99.84,0.9942911,2,5,611,99.67,0.9908835,,PK,12,10
40,3400734,Hoboken Dual Language Charter School,Hoboken,07030,123 Jefferson Street,,,1,618,5,99.84,0.9942911,2,5,611,99.67,0.9908835,,K,8,1
41,3408820,Livingston Board of Education School District,Livingston,07039,11 Foxcroft Drive,,,1,618,5,99.84,0.9942911,2,5,611,99.67,0.9908835,,PK,12,10
42,3416110,Tenafly Public School District,Tenafly,07670,500 Tenafly Road,,,1,618,5,99.84,0.9942911,2,5,611,99.67,0.9908835,,PK,12,6
43,3406960,Haworth Public School District,Haworth,07641,205 Valley Road,,,1,618,5,99.84,0.9942911,2,5,611,99.67,0.9908835,,PK,8,1
44,3411730,Northern Highlands Regional High School District,Allendale,07401,298 Hillside Avenue,,,1,618,5,99.84,0.9942911,2,5,611,99.67,0.9908835,,9,12,1
45,3403810,Demarest School District,Demarest,07627,568 Piermont Road,,,1,618,5,99.84,0.9942911,2,5,611,99.67,0.9908835,,PK,8,3
46,3400004,School District of the Chathams,Chatham,07928,58 Meyersville Road,,,1,618,5,99.84,0.9942911,2,5,611,99.67,0.9908835,,PK,12,6
47,3417550,West Morris Regional High School District,Chester,07930,10 South Four Bridges Road,,,1,618,5,99.84,0.9942911,2,5,611,99.67,0.9908835,,9,12,2
48,3411040,Mountainside School District,Mountainside,07092,1497 Woodacres Drive,,,1,618,5,99.84,0.9942911,2,5,611,99.67,0.9908835,,PK,8,2
49,3412180,Old Tappan Public School District,Old Tappan,07675,277 Old Tappan Rd.,,,1,618,5,99.84,0.9942911,2,5,611,99.67,0.9908835,,PK,8,2
0,3410650,Montville Township School District,Montville,07045,86 River Road,,,51,618,5,91.75,0.9095565,67,4,611,89.03,0.8851655,3645.0,PK,12,7
1,3409330,Mahwah Township Public School District,Mahwah,07430,60 Ridge Rd.,,,51,618,5,91.75,0.9095565,67,4,611,89.03,0.8851655,,PK,12,6
2,3411010,Mountain Lakes Public School District,Mountain Lakes,07046,400 Boulevard,,,51,618,5,91.75,0.9095565,67,4,611,89.03,0.8851655,,PK,12,4
3,3416170,Tewksbury Township School District,Califon,07830,173 Old Turnpike Road,,,51,618,5,91.75,0.9095565,67,4,611,89.03,0.8851655,,PK,8,2
4,3405970,Glen Rock Public School District,Glen Rock,07452,620 Harristown Road,,,51,618,5,91.75,0.9095565,67,4,611,89.03,0.8851655,,PK,12,6
5,3414220,Roosevelt Boro,Roosevelt,08555,2a School Lane,,,51,618,5,91.75,0.9095565,67,4,611,89.03,0.8851655,,PK,6,1
6,3412510,Pascack Valley Regional High School District,Montvale,07645,28 West Grand Avenue,,,51,618,5,91.75,0.9095565,67,4,611,89.03,0.8851655,,4,12,3
7,3410710,Moorestown Township Public School District,Moorestown,08057,803 North Stanwick Road,,,51,618,5,91.75,0.9095565,67,4,611,89.03,0.8851655,,PK,12,6
8,3405010,Fairfield Public Schools School District,Fairfield,07004,15 Knoll Road,,,51,618,5,91.75,0.9095565,67,4,611,89.03,0.8851655,,PK,6,2
9,3403540,Cranbury Township School District,Cranbury,08512,23 North Main Street,,,51,618,5,91.75,0.9095565,67,4,611,89.03,0.8851655,,PK,8,1
10,3417460,West Essex Regional School District,North Caldwell,07006,65 West Greenbrook Road,,,51,618,5,91.75,0.9095565,67,4,611,89.03,0.8851655,,7,12,2
11,3401650,Bernards Township School District,Basking Ridge,07920,101 Peachtree Road,,,51,618,5,91.75,0.9095565,67,4,611,89.03,0.8851655,,PK,12,6
12,3417190,Watchung Borough Public School District,Watchung,07069,1 Dr. Parenty Way,,,51,618,5,91.75,0.9095565,67,4,611,89.03,0.8851655,,PK,8,2
13,3407710,Island Heights School District,Island Heights,08732,115 Summit Avenue,,,51,618,5,91.75,0.9095565,67,4,611,89.03,0.8851655,,PK,6,1
14,3410620,Montvale Board of Education School District,Montvale,07645,47 Spring Valley Road,,,51,618,5,91.75,0.9095565,67,4,611,89.03,0.8851655,,PK,8,2
15,3404080,East Amwell Township School District,Ringoes,08551,43 Wertsville Road,,,51,618,5,91.75,0.9095565,67,4,611,89.03,0.8851655,,PK,8,1
16,3403610,Cumberland County Board of Vocational Education,Vineland,08360,3400 College Drive,,,51,618,5,91.75,0.9095565,67,4,611,89.03,0.8851655,,9,12,1
17,3403600,Cresskill Public School District,Cresskill,07626,15 Brookside Ave,,,51,618,5,91.75,0.9095565,67,4,611,89.03,0.8851655,,PK,12,4
18,3401530,Berkeley Heights School District,Berkeley Heights,07922,345 Plainfield Avenue,,,51,618,5,91.75,0.9095565,67,4,611,89.03,0.8851655,,PK,12,6
19,3403870,Denville Township K-8 School District,Denville,07834,1 St. Mary Place,,,51,618,5,91.75,0.9095565,67,4,611,89.03,0.8851655,,PK,8,3
20,3409390,Manalapan-Englishtown Regional Schools School District,Englishtown,07726,54 Main Street,,,51,618,5,91.75,0.9095565,67,4,611,89.03,0.8851655,,PK,8,8
21,3405250,Florham Park School District,Florham Park,07932,67 Ridgedale Aveune,,,51,618,5,91.75,0.9095565,67,4,611,89.03,0.8851655,,PK,8,3
22,3413560,Ramapo Indian Hills Regional High School District,Oakland,07436,131 Yawpo Avenue,,,51,618,5,91.75,0.9095565,67,4,611,89.03,0.8851655,,9,12,2
23,3413380,Port Republic School District,Port Republic,08241,137 Pomona Avenue,,,51,618,5,91.75,0.9095565,67,4,611,89.03,0.8851655,,K,8,1
24,3415570,Spring Lake Borough,Spring Lake,07762,411 Tuttle Avenue,,,51,618,5,91.75,0.9095565,67,4,611,89.03,0.8851655,,PK,8,1
25,3407590,Hunterdon Central Regional High School District,Flemington,08822,84 Route 31,,,51,618,5,91.75,0.9095565,67,4,611,89.03,0.8851655,,9,12,1
26,3406390,Haddonfield School District,Haddonfield,08033,1 Lincoln Avenue,,,51,618,5,91.75,0.9095565,67,4,611,89.03,0.8851655,,PK,12,5
27,3412120,Oceanport School District,Oceanport,07757,29 Wolf Hill Avenue,,,51,618,5,91.75,0.9095565,67,4,611,89.03,0.8851655,,PK,8,2
28,3413590,Ramsey School District,Ramsey,07446,266 East Main St.,,,51,618,5,91.75,0.9095565,67,4,611,89.03,0.8851655,,PK,12,5
29,3408040,Kinnelon School District,Kinnelon,07405,109 Kiel Avenue,,,51,618,5,91.75,0.9095565,67,4,611,89.03,0.8851655,,PK,12,4
30,3408670,Linwood City School District,Linwood,08221,51 Belhaven Avenue,,,51,618,5,91.75,0.9095565,67,4,611,89.03,0.8851655,,PK,8,2
31,3417760,Westfield Public School District,Westfield,07090,302 Elm Street,,,51,618,5,91.75,0.9095565,67,4,611,89.03,0.8851655,,PK,12,10
32,3414250,Roseland School District,Roseland,07068,100 Passaic Avenue,,,51,618,5,91.75,0.9095565,67,4,611,89.03,0.8851655,,PK,6,1
33,3401980,Boonton Township School District,Boonton,07005,11 Valley Road,,,51,618,5,91.75,0.9095565,67,4,611,89.03,0.8851655,,PK,8,1
34,3402310,Brielle Boro School District,Brielle,08730,605 Union Lane,,,51,618,5,91.75,0.9095565,67,4,611,89.03,0.8851655,,PK,8,1
35,3409720,Marlboro Township School District,Marlboro,07746,1980 Township Drive,,,51,618,5,91.75,0.9095565,67,4,611,89.03,0.8851655,,PK,8,8
36,3417700,West Windsor-Plainsboro Regional School District,West Windsor,08550,321 Village Rd East,,,51,618,5,91.75,0.9095565,67,4,611,89.03,0.8851655,,PK,12,10
37,3412900,Pequannock Township School District,Pompton Plains,07444,538 Newark Pompton Tpke.,,,51,618,5,91.75,0.9095565,67,4,611,89.03,0.8851655,,PK,12,5
38,3416980,Warren Township School District,Warren,07059,213 Mt. Horeb Road,,,51,618,5,91.75,0.9095565,67,4,611,89.03,0.8851655,,PK,8,5
39,3412450,Park Ridge School District,Park Ridge,07656,85 Pascack Road,,,51,618,5,91.75,0.9095565,67,4,611,89.03,0.8851655,,PK,12,3
40,3414970,Shrewsbury Borough School District,Shrewsbury,07702,20 Obre Place,,,51,618,5,91.75,0.9095565,67,4,611,89.03,0.8851655,,PK,8,1
41,3405370,Franklin Lakes School District,Franklin Lakes,07417,490 Pulis Avenue,,,51,618,5,91.75,0.9095565,67,4,611,89.03,0.8851655,,PK,8,4
42,3410770,Morris Plains School District,Morris Plains,07950,520 Speedwell Avenue,,,51,618,5,91.75,0.9095565,67,4,611,89.03,0.8851655,,PK,8,2
43,3406090,Green Township School District,Greendell,07839,69 Mackerley Road,,,51,618,5,91.75,0.9095565,67,4,611,89.03,0.8851655,,PK,8,1
44,3400731,Riverbank Charter School of Excellence,Roebling,08554,1300 Hornberger Ave,,,51,618,5,91.75,0.9095565,67,4,611,89.03,0.8851655,,K,3,1
45,3409900,Mendham Borough School District,Mendham,07945,12 Hilltop Road,,,51,618,5,91.75,0.9095565,67,4,611,89.03,0.8851655,,PK,8,2
46,3407410,Holmdel Township School District,Holmdel,07733,65 McCampbell Road,,,51,618,5,91.75,0.9095565,67,4,611,89.03,0.8851655,,PK,12,4
47,3408310,Lavallette Borough School District,Lavallette,08735,105 Brooklyn Avenue,,,51,618,5,91.75,0.9095565,67,4,611,89.03,0.8851655,,K,8,1
48,3416650,Upper Township School District,Woodbine,08270,525 Perry Road,,,51,618,5,91.75,0.9095565,67,4,611,89.03,0.8851655,,PK,8,3
49,3406660,Hanover Park Regional High School District,East Hanover,07936,75 Mount Pleasant Avenue,,,51,618,5,91.75,0.9095565,67,4,611,89.03,0.8851655,,9,12,2
0,3400064,Gray Charter School,Newark,07102,55 Liberty Street,,,101,618,4,83.66,0.8470201,73,4,611,88.05,0.880169,352.0,K,8,1
1,3404980,Fair Lawn Public School District,Fair Lawn,07410,37-01 Fair Lawn Avenue,,,101,618,4,83.66,0.8470201,73,4,611,88.05,0.880169,,PK,12,9
2,3414400,Rumson-Fair Haven Regional High School District,Rumson,07760,74 Ridge Road,,,101,618,4,83.66,0.8470201,73,4,611,88.05,0.880169,,9,12,1
3,3407530,Hopewell Valley Regional School District,Pennington,08534,425 South Main St,,,101,618,4,83.66,0.8470201,73,4,611,88.05,0.880169,,PK,12,6
4,3409240,Madison Public School District,Madison,07940,359 Woodland Road,,,101,618,4,83.66,0.8470201,73,4,611,88.05,0.880169,,PK,12,5
5,3400036,Soaraing Heights Charter School,Jersey City,07305,1 Romar Avenue,,,101,618,4,83.66,0.8470201,73,4,611,88.05,0.880169,,K,8,1
6,3407230,Hillsborough Township Public School District,Hillsborough,08844,379 South Branch Road,,,101,618,4,83.66,0.8470201,73,4,611,88.05,0.880169,,PK,12,9
7,3407260,Hillsdale School District,Hillsdale,07642,32 Ruckman Road,,,101,618,4,83.66,0.8470201,73,4,611,88.05,0.880169,,PK,8,3
8,3418360,Wyckoff Township Public School District,Wyckoff,07481,241 Morse Avenue,,,101,618,4,83.66,0.8470201,73,4,611,88.05,0.880169,,PK,8,5
9,3410590,Montgomery Township School District,Skillman,08558,1014 Route 601,,,101,618,4,83.66,0.8470201,73,4,611,88.05,0.880169,,PK,12,5
10,3403060,Chester School District,Chester,07930,50 North Road,,,101,618,4,83.66,0.8470201,73,4,611,88.05,0.880169,,PK,8,3
11,3413710,Readington Township School District,Whitehouse Station,08889,52  Readington Road,,,101,618,4,83.66,0.8470201,73,4,611,88.05,0.880169,,PK,8,4
12,3412660,Long Hill Township School District,Gillette,07933,759 Valley Road,,,101,618,4,83.66,0.8470201,73,4,611,88.05,0.880169,,PK,8,3
13,3405130,Farmingdale Public School District,Farmingdale,07727,49 Academy Street,,,101,618,4,83.66,0.8470201,73,4,611,88.05,0.880169,,PK,8,1
14,3414670,Scotch Plains-Fanwood School District,Scotch Plains,07076,512 Cedar Street,,,101,618,4,83.66,0.8470201,73,4,611,88.05,0.880169,,PK,12,8
15,3415060,Somerset County Vocational and Technical School District,Bridgewater,08807,14 Vogt Drive,,,101,618,4,83.66,0.8470201,73,4,611,88.05,0.880169,,9,12,1
16,3402160,BRANCHBURG TOWNSHIP School District,Branchburg,08876,240 Baird Road,,,101,618,4,83.66,0.8470201,73,4,611,88.05,0.880169,,PK,8,3
17,3411820,Northvale Public School District,Northvale,07647,441 Tappan Road,,,101,618,4,83.66,0.8470201,73,4,611,88.05,0.880169,,PK,8,1
18,3415600,Spring Lake Heights School District,Spring Lake,07762,1110 Highway 71,,,101,618,4,83.66,0.8470201,73,4,611,88.05,0.880169,,PK,8,1
19,3417100,Robbinsville Public Schools,Robbinsville,08691,155 Robbinsville Edinburg Rd.,,,101,618,4,83.66,0.8470201,73,4,611,88.05,0.880169,,PK,12,3
20,3411850,Norwood Public School District,Norwood,07648,177 Summit Street,,,101,618,4,83.66,0.8470201,73,4,611,88.05,0.880169,,PK,8,1
21,3406120,Green Brook Township Public School District,Green Brook,08812,132 Jefferson Avenue,,,101,618,4,83.66,0.8470201,73,4,611,88.05,0.880169,,PK,8,2
22,3414040,Riverton School District,Riverton,08077,600 Fifth Street,,,101,618,4,83.66,0.8470201,73,4,611,88.05,0.880169,,PK,8,1
23,3403450,Colts Neck Township School District,Colts Neck,07722,70 Conover Road,,,101,618,4,83.66,0.8470201,73,4,611,88.05,0.880169,,PK,8,3
24,3413950,River Vale Public School District,River Vale,07675,609 Westwood Avenue,,,101,618,4,83.66,0.8470201,73,4,611,88.05,0.880169,,PK,8,3
25,3411610,North Hunterdon-Voorhees Regional High School District,Annandale,08801,1445 State Route 31,,,101,618,4,83.66,0.8470201,73,4,611,88.05,0.880169,,9,12,2
26,3409510,Mansfield Township School District,Columbus,08022,200 Mansfied Road East,,,101,618,4,83.66,0.8470201,73,4,611,88.05,0.880169,,PK,6,2
27,3403570,Cranford Public School District,Cranford,07016,132 Thomas Street,,,101,618,4,83.66,0.8470201,73,4,611,88.05,0.880169,,PK,12,7
28,3408880,Logan Township School District,Logan Township,08085,110 School Lane,,,101,618,4,83.66,0.8470201,73,4,611,88.05,0.880169,,PK,8,3
29,3400029,Elysian Charter School,Hoboken,07030,1460 Garden Street,,,101,618,4,83.66,0.8470201,73,4,611,88.05,0.880169,,K,8,1
30,3417820,Westwood Regional School District,Township Of Washington,07676,701 Ridgewood Road,,,101,618,4,83.66,0.8470201,73,4,611,88.05,0.880169,,PK,12,6
31,3416830,Voorhees Township School District,Voorhees,08043,329 Rt. 73,,,101,618,4,83.66,0.8470201,73,4,611,88.05,0.880169,,PK,8,5
32,3408580,Lincoln Park School District,Lincoln Park,07035,92 Ryerson Road,,,101,618,4,83.66,0.8470201,73,4,611,88.05,0.880169,,PK,8,2
33,3412480,Parsippany-Troy Hills Township School District,Parsippany,07054,292 Parsippany Road,,,101,618,4,83.66,0.8470201,73,4,611,88.05,0.880169,,PK,12,14
34,3409870,Medford Township School District,Medford,08055,137 Hartford Road,,,101,618,4,83.66,0.8470201,73,4,611,88.05,0.880169,,PK,8,7
35,3414610,Sandyston-Walpack Consolidated School District,Layton,07851,100 Route 560,,,101,618,4,83.66,0.8470201,73,4,611,88.05,0.880169,,K,6,1
36,3413860,Ringwood School District,Ringwood,07456,121 Carletondale Road,,,101,618,4,83.66,0.8470201,73,4,611,88.05,0.880169,,PK,8,4
37,3409990,Metuchen Public School District,Metuchen,08840,16 Simpson Place,,,101,618,4,83.66,0.8470201,73,4,611,88.05,0.880169,,PK,12,4
38,3401140,Avon Boro School District,Avon by the Sea,07717,505 Lincoln Ave,,,101,618,4,83.66,0.8470201,73,4,611,88.05,0.880169,,PK,8,1
39,3401320,Bedminster Township Public School District,Bedminster,07921,234 Somerville Road,,,101,618,4,83.66,0.8470201,73,4,611,88.05,0.880169,,PK,8,1
40,3401230,Bay Head Borough School District,Bay Head,08742,145 Grove Street,,,101,618,4,83.66,0.8470201,73,4,611,88.05,0.880169,,K,8,1
41,3402280,Bridgewater-Raritan Regional School District,Martinsville,08836,836 Newmans Lane,,,101,618,4,83.66,0.8470201,73,4,611,88.05,0.880169,,PK,12,11
42,3404140,East Greenwich Township School District,Mickleton,08056,559 Kings Highway,,,101,618,4,83.66,0.8470201,73,4,611,88.05,0.880169,,PK,6,2
43,3415660,Springfield Township School District,Jobstown,08041,2146 Jacksonville-Jobstown Rd,,,101,618,4,83.66,0.8470201,73,4,611,88.05,0.880169,,PK,6,1
44,3400052,Classical Academy Charter School of Clifton,Clifton,07013,20 Valley Road,,,101,618,4,83.66,0.8470201,73,4,611,88.05,0.880169,,6,8,1
45,3413750,Red Bank Regional School District,Little Silver,07739,101 Ridge Road,,,101,618,4,83.66,0.8470201,73,4,611,88.05,0.880169,,9,12,1
46,3401710,Bethlehem Township School District,Asbury,08802,940 Iron Bridge Road,,,101,618,4,83.66,0.8470201,73,4,611,88.05,0.880169,,PK,8,2
47,3415510,Sparta Township Public School District,Sparta,07871,18 Mohawk Avenue,,,101,618,4,83.66,0.8470201,73,4,611,88.05,0.880169,,PK,12,5
48,3408520,Leonia Public School District,Leonia,07605,566 Grand Avenue,,,101,618,4,83.66,0.8470201,73,4,611,88.05,0.880169,,PK,12,3
49,3416860,Waldwick School District,Waldwick,07463,155 Summit Avenue,,,101,618,4,83.66,0.8470201,73,4,611,88.05,0.880169,,PK,12,4
0,3415210,South Brunswick School District,North Brunswick,08902,231 Black Horse Lane,,,151,618,4,75.57,0.7690284,149,4,611,75.61,0.7561679,8623.0,PK,12,10
1,3404110,East Brunswick Township School District,East Brunswick,08816,760 Route 18,,,151,618,4,75.57,0.7690284,149,4,611,75.61,0.7561679,,PK,12,11
2,3412420,Paramus Public School District,Paramus,07652,145 Spring Valley Road,,,151,618,4,75.57,0.7690284,149,4,611,75.61,0.7561679,,PK,12,8
3,3408190,Lakeland Regional High School District,Wanaque,07465,205 Conklintown Road,,,151,618,4,75.57,0.7690284,149,4,611,75.61,0.7561679,,9,12,1
4,3406900,Harrison Township School District,Mullica Hill,08062,120 N. Main Street,,,151,618,4,75.57,0.7690284,149,4,611,75.61,0.7561679,,PK,6,2
5,3406210,Greenwich Township School District,Stewartsville,08886,101 Wyndham Farm Boulevard,,,151,618,4,75.57,0.7690284,149,4,611,75.61,0.7561679,,PK,8,2
6,3415750,Stillwater Township School District,Stillwater,07875,904 Stillwater Road,,,151,618,4,75.57,0.7690284,149,4,611,75.61,0.7561679,,PK,6,1
7,3403360,Clinton Township School District,Lebanon,08833,128 Cokesbury Road,,,151,618,4,75.57,0.7690284,149,4,611,75.61,0.7561679,,PK,8,4
8,3413410,Princeton Public Schools,Princeton,08540,25 Valley Road,,,151,618,4,75.57,0.7690284,149,4,611,75.61,0.7561679,,PK,12,6
9,3406930,Hasbrouck Heights School District,Hasbrouck Heights,07604,379 Boulevard,,,151,618,4,75.57,0.7690284,149,4,611,75.61,0.7561679,,PK,12,4
10,3411910,Oakland Public School District,Oakland,07436,315 Ramapo Valley Road,,,151,618,4,75.57,0.7690284,149,4,611,75.61,0.7561679,,PK,8,4
11,3403750,Delaware Valley Regional High School District,Frenchtown,08825,19 Senator Stout Road,,,151,618,4,75.57,0.7690284,149,4,611,75.61,0.7561679,,9,12,1
12,3417490,West Long Branch School District,West Long Branch,07764,135 Locust Avenue,,,151,618,4,75.57,0.7690284,149,4,611,75.61,0.7561679,,PK,8,2
13,3404170,East Hanover Township School District,East Hanover,07936,20 School Avenue,,,151,618,4,75.57,0.7690284,149,4,611,75.61,0.7561679,,PK,8,3
14,3413320,Point Pleasant Beach School District,Point Pleasant Beach,08742,299 Cooks Lane,,,151,618,4,75.57,0.7690284,149,4,611,75.61,0.7561679,,PK,12,2
15,3411280,New Milford Public School District,New Milford,07646,145 Madison Avenue,,,151,618,4,75.57,0.7690284,149,4,611,75.61,0.7561679,,PK,12,4
16,3403210,Clearview Regional High School District,Mullica Hill,08062,420 Cedar Road,,,151,618,4,75.57,0.7690284,149,4,611,75.61,0.7561679,,7,12,2
17,3400008,Great Meadows Regional School District,Great Meadows,07838,281 Route 46,,,151,618,4,75.57,0.7690284,149,4,611,75.61,0.7561679,,PK,8,3
18,3403990,Dumont Public School District,Dumont,07628,25 Depew Street,,,151,618,4,75.57,0.7690284,149,4,611,75.61,0.7561679,,PK,12,5
19,3405310,Fort Lee School District,Fort Lee,07024,2175 Lemoine Avenue,,,151,618,4,75.57,0.7690284,149,4,611,75.61,0.7561679,,PK,12,6
20,3410980,Mount Olive Township School District,Flanders,07836,227 US Highway 206,,,151,618,4,75.57,0.7690284,149,4,611,75.61,0.7561679,,PK,12,6
21,3405190,Flemington-Raritan Regional School District,Flemington,08822,50 Court Street,,,151,618,4,75.57,0.7690284,149,4,611,75.61,0.7561679,,PK,8,6
22,3410140,Midland Park School District,Midland Park,07432,250 Prospect Street,,,151,618,4,75.57,0.7690284,149,4,611,75.61,0.7561679,,PK,12,3
23,3400020,Discovery Charter School,Newark,07102,240 Halsey St.,,,151,618,4,75.57,0.7690284,149,4,611,75.61,0.7561679,,4,8,1
24,3402850,Cedar Grove Township School District,Cedar Grove,07009,520 Pompton Ave,,,151,618,4,75.57,0.7690284,149,4,611,75.61,0.7561679,,PK,12,4
25,3406330,HADDON HEIGHTS School District,Haddon Heights,08035,316-A Seventh Ave,,,151,618,4,75.57,0.7690284,149,4,611,75.61,0.7561679,,PK,12,4
26,3407980,Kingsway Regional School District,Woolwich Township,08085,213 Kings Highway,,,151,618,4,75.57,0.7690284,149,4,611,75.61,0.7561679,,7,12,2
27,3416440,Union Township School District,Hampton,08827,149 Perryville Road,,,151,618,4,75.57,0.7690284,149,4,611,75.61,0.7561679,,PK,8,2
28,3406690,Hanover Township School District,Whippany,07981,61 Highland Avenue,,,151,618,4,75.57,0.7690284,149,4,611,75.61,0.7561679,,K,8,4
29,3404500,Edison Township School District,Edison,08837,312 Pierson Avenue,,,151,618,4,75.57,0.7690284,149,4,611,75.61,0.7561679,,PK,12,19
30,3410860,Mount Arlington Public School District,Mount Arlington,07856,446 Howard Boulevard,,,151,618,4,75.57,0.7690284,149,4,611,75.61,0.7561679,,PK,8,2
31,3416950,Wanaque School District,Haskell,07420,973A Ringwood Avenue,,,151,618,4,75.57,0.7690284,149,4,611,75.61,0.7561679,,PK,8,2
32,3400026,Maria L. Varisco-Rogers Charter School,Newark,07104,243 Woodside,,,151,618,4,75.57,0.7690284,149,4,611,75.61,0.7561679,,K,8,1
33,3407050,Henry Hudson Regional School District,Highlands,07732,1 Grand Tour,,,151,618,4,75.57,0.7690284,149,4,611,75.61,0.7561679,,7,12,1
34,3416890,Wall Township Public School District,Wall,07719,1620 18th Avenue,,,151,618,4,75.57,0.7690284,149,4,611,75.61,0.7561679,,PK,12,7
35,3411880,Nutley Public School District,Nutley,07110,315 Franklin Avenue,,,151,618,4,75.57,0.7690284,149,4,611,75.61,0.7561679,,PK,12,7
36,3402580,Caldwell-West Caldwell School District,West Caldwell,07006,104 Gray Street,,,151,618,4,75.57,0.7690284,149,4,611,75.61,0.7561679,,PK,12,7
37,3410230,Millstone Township School District,Millstone Township,08535,5 Dawson Court,,,151,618,4,75.57,0.7690284,149,4,611,75.61,0.7561679,,PK,8,3
38,3408500,Lenape Valley Regional High School District,Stanhope,07874,28 Sparta Road,,,151,618,4,75.57,0.7690284,149,4,611,75.61,0.7561679,,9,12,1
39,3409420,Manasquan School District,Manasquan,08736,169 Broad Street,,,151,618,4,75.57,0.7690284,149,4,611,75.61,0.7561679,,PK,12,2
40,3417130,Washington Township School District,Long Valley,07853,53 West Mill Road,,,151,618,4,75.57,0.7690284,149,4,611,75.61,0.7561679,,PK,8,4
41,3417280,Wayne Township Public School District,Wayne,07470,50 Nellis Drive,,,151,618,4,75.57,0.7690284,149,4,611,75.61,0.7561679,,PK,12,14
42,3406630,Marian McKeown School District,Newton,07860,1 School Road,,,151,618,4,75.57,0.7690284,149,4,611,75.61,0.7561679,,PK,6,1
43,3405700,Frenchtown Borough School District,Frenchtown,08822,902 Harrison St.,,,151,618,4,75.57,0.7690284,149,4,611,75.61,0.7561679,,PK,8,1
44,3413650,Randolph Township School District,Randolph,07869,25 School House Road,,,151,618,4,75.57,0.7690284,149,4,611,75.61,0.7561679,,PK,12,6
45,3400042,Pace Charter School of Hamilton,Hamilton,08619,1949 Hamilton Ave.,,,151,618,4,75.57,0.7690284,149,4,611,75.61,0.7561679,,K,7,1
46,3410500,Monroe Township School District,Monroe Township,08831,423 Buckelew Avenue,,,151,618,4,75.57,0.7690284,149,4,611,75.61,0.7561679,,PK,12,8
47,3400015,Teaneck Community Charter School,Teaneck,07666,563 Chestnut Ave.,,,151,618,4,75.57,0.7690284,149,4,611,75.61,0.7561679,,K,8,1
48,3402520,Butler Public School District,Butler,07405,38 Bartholdi Ave,,,151,618,4,75.57,0.7690284,149,4,611,75.61,0.7561679,,PK,12,3
49,3400009,Somerset Hills Regional School District,Bernardsville,07924,25 Olcott Avenue,,,151,618,4,75.57,0.7690284,149,4,611,75.61,0.7561679,,PK,12,3
0,3416560,Upper Freehold Regional School District,Allentown,08501,27 High Street,,,201,618,3,67.48,0.7019635,210,3,611,65.63,0.686473,2257.0,PK,12,3
1,3401020,Atlantic Highlands School District,Atlantic Highlands,07716,140 First Avenue,,,201,618,3,67.48,0.7019635,210,3,611,65.63,0.686473,,PK,6,1
2,3409840,Medford Lakes School District,Medford Lakes,08055,44 Neeta Trail,,,201,618,3,67.48,0.7019635,210,3,611,65.63,0.686473,,PK,8,2
3,3410740,Morris Hills Regional School District,Denville,07834,48 Knoll Drive,,,201,618,3,67.48,0.7019635,210,3,611,65.63,0.686473,,9,12,2
4,3400035,The Learning Community Charter School,Jersey City,07304,2495 John  F Kennedy Blvd,,,201,618,3,67.48,0.7019635,210,3,611,65.63,0.686473,,PK,8,1
5,3408280,Laurel Springs School District,Laurel Springs,08021,623 Grand Ave.,,,201,618,3,67.48,0.7019635,210,3,611,65.63,0.686473,,PK,6,1
6,3410680,Moonachie School District,Moonachie,07074,20 West Park Street,,,201,618,3,67.48,0.7019635,210,3,611,65.63,0.686473,,PK,8,1
7,3401110,Avalon School District,Avalon,08202,235 32nd Street,,,201,618,3,67.48,0.7019635,210,3,611,65.63,0.686473,,5,8,1
8,3416200,Tinton Falls School District,Tinton Falls,07724,658 Tinton Avenue,,,201,618,3,67.48,0.7019635,210,3,611,65.63,0.686473,,PK,8,3
9,3409360,Mainland Regional High School,Linwood,08221,1301 Oak Avenue,,,201,618,3,67.48,0.7019635,210,3,611,65.63,0.686473,,9,12,1
10,3416740,Verona Public School District,Verona,07044,121 Fairview Avenue,,,201,618,3,67.48,0.7019635,210,3,611,65.63,0.686473,,PK,12,6
11,3401950,Boonton Town School District,Boonton,07005,434 Lathrop Avenue,,,201,618,3,67.48,0.7019635,210,3,611,65.63,0.686473,,PK,12,3
12,3413290,Point Pleasant Borough School District,Point Pleasant Beach,08742,2100 Panther Path,,,201,618,3,67.48,0.7019635,210,3,611,65.63,0.686473,,PK,12,4
13,3412630,Passaic County Vocational School District,Wayne,07470,45 Reinhardt Road,,,201,618,3,67.48,0.7019635,210,3,611,65.63,0.686473,,9,12,1
14,3405640,Freehold Township School District,Freehold,07728,384 West Main Street,,,201,618,3,67.48,0.7019635,210,3,611,65.63,0.686473,,PK,8,8
15,3415240,South Hackensack School District,South Hackensack,07606,1 Dyer Avenue,,,201,618,3,67.48,0.7019635,210,3,611,65.63,0.686473,,PK,8,1
16,3405340,Frankford Township Consolidated School District,Branchville,07826,2 Pines Road,,,201,618,3,67.48,0.7019635,210,3,611,65.63,0.686473,,PK,8,1
17,3413350,Pompton Lakes School District,Pompton Lakes,07442,237 Van Avenue,,,201,618,3,67.48,0.7019635,210,3,611,65.63,0.686473,,PK,12,4
18,3408850,Lodi School District,Lodi,07644,8 Hunter Street,,,201,618,3,67.48,0.7019635,210,3,611,65.63,0.686473,,PK,12,7
19,3403000,Cherry Hill School District,Cherry Hill,08034,45 Ranoldo Terrace,,,201,618,3,67.48,0.7019635,210,3,611,65.63,0.686473,,PK,12,19
20,3402550,Byram Township School District,Stanhope,07874,12 Mansfield Drive,,,201,618,3,67.48,0.7019635,210,3,611,65.63,0.686473,,PK,8,2
21,3413620,Rancocas Valley Regional High School District,Mount Holly,08060,520 Jacksonville Road,,,201,618,3,67.48,0.7019635,210,3,611,65.63,0.686473,,9,12,1
22,3401500,Bergenfield Borough School District,Bergenfield,07621,225 W. Clinton Avenue,,,201,618,3,67.48,0.7019635,210,3,611,65.63,0.686473,,PK,12,7
23,3406300,Hackettstown Public School District,Hackettstown,07840,315 Washington Street,,,201,618,3,67.48,0.7019635,210,3,611,65.63,0.686473,,PK,12,4
24,3417220,Watchung Hills Regional High School District,Warren,07059,108 Stirling Road,,,201,618,3,67.48,0.7019635,210,3,611,65.63,0.686473,,9,12,1
25,3403150,Clark Township Public School District,Clark,07066,365 Westfield Ave,,,201,618,3,67.48,0.7019635,210,3,611,65.63,0.686473,,PK,12,5
26,3403330,Clinton-Glen Gardner School District,Clinton,08809,10 School Street,,,201,618,3,67.48,0.7019635,210,3,611,65.63,0.686473,,PK,8,1
27,3404710,Emerson Public School District,Emerson,07630,133 Main Street,,,201,618,3,67.48,0.7019635,210,3,611,65.63,0.686473,,PK,12,3
28,3416590,UPPER PITTSGROVE Township School District,Monroeville,08343,235 Pine Tavern Rd.,,,201,618,3,67.48,0.7019635,210,3,611,65.63,0.686473,,PK,8,1
29,3415330,South Orange-Maplewood School District,Maplewood,07040,525 Academy Street,,,201,618,3,67.48,0.7019635,210,3,611,65.63,0.686473,,PK,12,11
30,3407470,Hope Township School District,Hope,07844,320 Johnsonburg Road,,,201,618,3,67.48,0.7019635,210,3,611,65.63,0.686473,,PK,8,1
31,3413230,Plumsted Township School District,New Egypt,08533,117 Evergreen Road,,,201,618,3,67.48,0.7019635,210,3,611,65.63,0.686473,,PK,12,4
32,3417340,Wenonah Boro School District,Wenonah,08090,200 N. Clinton Avenue,,,201,618,3,67.48,0.7019635,210,3,611,65.63,0.686473,,PK,6,1
33,3406040,Gloucester County Vocational-Technical School District,Sewell,08080,1360 Tanyard Road,,,201,618,3,67.48,0.7019635,210,3,611,65.63,0.686473,,9,12,1
34,3409270,Old Bridge Township School District,Matawan,07747,4207 Route 516,,,201,618,3,67.48,0.7019635,210,3,611,65.63,0.686473,,K,12,15
35,3403090,Chesterfield Township School District,Chesterfield,08515,30 Saddle Way,,,201,618,3,67.48,0.7019635,210,3,611,65.63,0.686473,,PK,6,1
36,3401920,Bogota Public School District,Bogota,07603,1 Henry C. Luthin Place,,,201,618,3,67.48,0.7019635,210,3,611,65.63,0.686473,,PK,12,3
37,3409750,Matawan-Aberdeen Regional School District,Aberdeen,07747,1 Crest Way,,,201,618,3,67.48,0.7019635,210,3,611,65.63,0.686473,,PK,12,7
38,3412210,Oldmans Township School District,Pedricktown,08067,10 Freed Road,,,201,618,3,67.48,0.7019635,210,3,611,65.63,0.686473,,PK,8,1
39,3415360,South Plainfield School District,South Plainfield,07080,125 Jackson Avenue,,,201,618,3,67.48,0.7019635,210,3,611,65.63,0.686473,,PK,12,7
40,3410350,Mine Hill Township School District,Mine Hill,07803,42 Canfield Avenue,,,201,618,3,67.48,0.7019635,210,3,611,65.63,0.686473,,PK,6,1
41,3405670,Frelinghuysen Township School District,Newton,07860,780 Route 94,,,201,618,3,67.48,0.7019635,210,3,611,65.63,0.686473,,PK,6,1
42,3407560,Howell Township Public School District,Farmingdale,07727,200 Squankum-Yellowbrook Road,,,201,618,3,67.48,0.7019635,210,3,611,65.63,0.686473,,PK,8,12
43,3410560,Montclair Public School District,Montclair,07042,22 Valley Rd.,,,201,618,3,67.48,0.7019635,210,3,611,65.63,0.686473,,PK,12,11
44,3415630,Springfield Public School District,Springfield,07081,139 Mountain Avenue,,,201,618,3,67.48,0.7019635,210,3,611,65.63,0.686473,,PK,12,5
45,3411550,North Haledon School District,North Haledon,07508,201 Squaw Brook Rd.,,,201,618,3,67.48,0.7019635,210,3,611,65.63,0.686473,,PK,8,2
46,3407380,Holland Township School District,Milford,08848,714 Milford Warren Glen Rd.,,,201,618,3,67.48,0.7019635,210,3,611,65.63,0.686473,,PK,8,1
47,3414130,Rockaway Township School District,Hibernia,07842,16 School Road,,,201,618,3,67.48,0.7019635,210,3,611,65.63,0.686473,,PK,8,6
48,3400014,Englewood on the Palisades Charter School,Englewood,07631,65 West Demarest Avenue,,,201,618,3,67.48,0.7019635,210,3,611,65.63,0.686473,,K,8,1
49,3403120,Cinnaminson Township Public Schools,Cinnaminson,08077,2195 Riverton Road,,,201,618,3,67.48,0.7019635,210,3,611,65.63,0.686473,,PK,12,4
0,3413980,Riverdale School District,Riverdale,07457,52 Newark Pompton Tpk.,,,251,618,3,59.39,0.6458616,120,4,611,80.36,0.7972367,336.0,PK,8,1
1,3406420,Hainesport Township School District,Hainesport,08036,211 Broad St.,,,251,618,3,59.39,0.6458616,120,4,611,80.36,0.7972367,,PK,8,1
2,3410110,Middletown Township Public School District,Leonardo,07737,834 Leonardville Road,,,251,618,3,59.39,0.6458616,120,4,611,80.36,0.7972367,,PK,12,17
3,3411970,Ocean City School District,Ocean City,08226,501 Atlantic Avenue,,,251,618,3,59.39,0.6458616,120,4,611,80.36,0.7972367,,K,12,3
4,3407140,High Point Regional High School District,Sussex,07461,299 Pidgeon Hill Road,,,251,618,3,59.39,0.6458616,120,4,611,80.36,0.7972367,,9,12,1
5,3404380,Eastern Camden County Regional School District,Voorhees,08043,1202 Laurel Oak Road,,,251,618,3,59.39,0.6458616,120,4,611,80.36,0.7972367,,9,12,1
6,3408010,Kingwood Township School District,Frenchtown,08825,880 County Rd 519,,,251,618,3,59.39,0.6458616,120,4,611,80.36,0.7972367,,PK,8,1
7,3415840,Stow Creek Township School District,Bridgeton,08302,11 Gum Tree Corner Road,,,251,618,3,59.39,0.6458616,120,4,611,80.36,0.7972367,,PK,8,1
8,3418330,Woodstown-Pilesgrove Regional School District,Woodstown,08098,135 East Avenue,,,251,618,3,59.39,0.6458616,120,4,611,80.36,0.7972367,,PK,12,4
9,3408130,Lafayette Township School District,Lafayette,07848,178 Beaver Run Rd,,,251,618,3,59.39,0.6458616,120,4,611,80.36,0.7972367,,PK,8,1
10,3404290,East Rutherford School District,East Rutherford,07073,100 Uhland Street,,,251,618,3,59.39,0.6458616,120,4,611,80.36,0.7972367,,PK,8,2
11,3415720,Stanhope School District,Stanhope,07874,24 Valley Road,,,251,618,3,59.39,0.6458616,120,4,611,80.36,0.7972367,,PK,8,1
12,3408460,Lebanon Township School District,Califon,07830,70 Bunnvale Road,,,251,618,3,59.39,0.6458616,120,4,611,80.36,0.7972367,,PK,8,2
13,3405460,Franklin Township School District,Quakertown,08868,226 Quakertown Road,,,251,618,3,59.39,0.6458616,120,4,611,80.36,0.7972367,,PK,8,1
14,3403420,Collingswood Public School District,Collingswood,08108,200 Lees Avenue,,,251,618,3,59.39,0.6458616,120,4,611,80.36,0.7972367,,PK,12,7
15,3417400,West Cape May Elementary School District,West Cape May,08204,301 Moore Street,,,251,618,3,59.39,0.6458616,120,4,611,80.36,0.7972367,,PK,6,1
16,3403270,Cliffside Park School District,Cliffside Park,07010,525 Palisade Avenue,,,251,618,3,59.39,0.6458616,120,4,611,80.36,0.7972367,,PK,12,5
17,3408490,Lenape Regional High School District,Shamong,08088,93 Willow Grove Road,,,251,618,3,59.39,0.6458616,120,4,611,80.36,0.7972367,,9,12,4
18,3408060,Kittatinny Regional School District,Newton,07860,77 Halsey Road,,,251,618,3,59.39,0.6458616,120,4,611,80.36,0.7972367,,7,12,1
19,3411700,Northern Burlington County Regional School District,Columbus,08022,160 Mansfield Road East,,,251,618,3,59.39,0.6458616,120,4,611,80.36,0.7972367,,7,12,2
20,3404680,Elsinboro Township School District,Salem,08079,631 Salem-Ft. Elfsborg Rd.,,,251,618,3,59.39,0.6458616,120,4,611,80.36,0.7972367,,K,8,1
21,3401590,Berlin Borough School District,Berlin,08009,215 South Franklin Avenue,,,251,618,3,59.39,0.6458616,120,4,611,80.36,0.7972367,,PK,8,1
22,3410290,Milltown School District,Milltown,08850,21 West Church Street,,,251,618,3,59.39,0.6458616,120,4,611,80.36,0.7972367,,PK,8,2
23,3410170,Milford Borough School District,Milford,08848,7 Hillside Avenue,,,251,618,3,59.39,0.6458616,120,4,611,80.36,0.7972367,,PK,8,1
24,3405610,Freehold Regional High School District,Englishtown,07726,11 Pine Street,,,251,618,3,59.39,0.6458616,120,4,611,80.36,0.7972367,,9,12,6
25,3405550,Fredon Township School District,Newton,07860,459 Route #94S,,,251,618,3,59.39,0.6458616,120,4,611,80.36,0.7972367,,PK,6,1
26,3417850,Weymouth Township School District,Dorothy,08317,1202 Eleventh Avenue,,,251,618,3,59.39,0.6458616,120,4,611,80.36,0.7972367,,PK,8,1
27,3415420,Southampton Township School District,Southampton,08088,177 Main Street,,,251,618,3,59.39,0.6458616,120,4,611,80.36,0.7972367,,PK,8,3
28,3414340,Roxbury Township School District,Succasunna,07876,42 N. Hillside Avenue,,,251,618,3,59.39,0.6458616,120,4,611,80.36,0.7972367,,PK,12,7
29,3407110,High Bridge Borough School District,High Bridge,08829,40 Fairview Ave,,,251,618,3,59.39,0.6458616,120,4,611,80.36,0.7972367,,PK,8,2
30,3413050,Piscataway Township School District,Piscataway,08854,1515 Stelton Rd,,,251,618,3,59.39,0.6458616,120,4,611,80.36,0.7972367,,PK,12,10
31,3407570,Hudson County Schools of Technology School District,Secaucus,07094,1 High Tech Way,,,251,618,3,59.39,0.6458616,120,4,611,80.36,0.7972367,,6,12,6
32,3410810,Morris School District,Morristown,07960,31 Hazel Street,,,251,618,3,59.39,0.6458616,120,4,611,80.36,0.7972367,,PK,12,10
33,3414850,Secaucus School District,Secaucus,07094,685 Fifth Street,,,251,618,3,59.39,0.6458616,120,4,611,80.36,0.7972367,,PK,12,4
34,3405790,Garwood Boro,Garwood,07027,400 Second Avenue,,,251,618,3,59.39,0.6458616,120,4,611,80.36,0.7972367,,PK,8,1
35,3405520,Franklin Township School District,Washington,07882,52 Asbury-Broadway Road,,,251,618,3,59.39,0.6458616,120,4,611,80.36,0.7972367,,PK,6,1
36,3404410,Eatontown Public School District,Eatontown,07724,5 Grant Avenue,,,251,618,3,59.39,0.6458616,120,4,611,80.36,0.7972367,,PK,8,4
37,3415540,Spotswood Public School District,Spotswood,08884,105 Summerhill Road,,,251,618,3,59.39,0.6458616,120,4,611,80.36,0.7972367,,PK,12,4
38,3409480,Mannington Township School District,Salem,08079,495 Route 45,,,251,618,3,59.39,0.6458616,120,4,611,80.36,0.7972367,,PK,8,1
39,3418300,Wood-Ridge School District,Wood Ridge,07075,540 Windsor Road,,,251,618,3,59.39,0.6458616,120,4,611,80.36,0.7972367,,PK,12,3
40,3414640,Sayreville School District,South Amboy,08879,150 Lincoln St.,,,251,618,3,59.39,0.6458616,120,4,611,80.36,0.7972367,,PK,12,7
41,3417610,West Orange Public Schools,West Orange,07052,179 Eagle Rock Ave.,,,251,618,3,59.39,0.6458616,120,4,611,80.36,0.7972367,,PK,12,12
42,3408070,Knowlton Township School District,Delaware,07833,80 Route 46,,,251,618,3,59.39,0.6458616,120,4,611,80.36,0.7972367,,PK,6,1
43,3400061,The Queen City Academy Charter School,Plainfield,07063,815 West Seventh,,,251,618,3,59.39,0.6458616,120,4,611,80.36,0.7972367,,K,8,1
44,3417520,West Milford Township Public School District,West Milford,07480,46 Highlander Drive,,,251,618,3,59.39,0.6458616,120,4,611,80.36,0.7972367,,PK,12,8
45,3406780,Hardyston Township School District,Hamburg,07419,183 Wheatsworth Road,,,251,618,3,59.39,0.6458616,120,4,611,80.36,0.7972367,,PK,8,2
46,3415270,South Harrison Township School District,Harrisonville,08039,904 Mullica Hill Road,,,251,618,3,59.39,0.6458616,120,4,611,80.36,0.7972367,,PK,6,1
47,3410950,Mount Laurel Township School District,Mount Laurel,08075,330 Mount Laurel Road,,,251,618,3,59.39,0.6458616,120,4,611,80.36,0.7972367,,PK,8,8
48,3414460,Rutherford School District,Rutherford,07070,176 Park Avenue,,,251,618,3,59.39,0.6458616,120,4,611,80.36,0.7972367,,PK,12,5
49,3403720,Delaware Township School District,Sergeantsville,08557,501 Rosemont Ringoes Road,,,251,618,3,59.39,0.6458616,120,4,611,80.36,0.7972367,,PK,8,1
0,3409210,Lyndhurst School District,Lyndhurst,07071,420 Fern Ave.,,,301,618,3,51.29,0.5642257,,,,,,2525.0,PK,12,8
1,3400900,Andover Regional School District,Newton,07860,707 Limecrest Rd.,,,301,618,3,51.29,0.5642257,,,,,,,PK,8,2
2,3400051,Unity Charter School,Morristown,07960,1 Evergreen Place,,,301,618,3,51.29,0.5642257,,,,,,,K,8,1
3,3408400,Lawrence Township Public School District,Lawrenceville,08648,2565 Princeton Pike,,,301,618,3,51.29,0.5642257,,,,,,,PK,12,7
4,3410050,Middlesex Borough School District,Middlesex,08846,300 John F. Kennedy Drive,,,301,618,3,51.29,0.5642257,,,,,,,PK,12,5
5,3414070,Rochelle Park School District,Rochelle Park,07662,300 Rochelle Ave,,,301,618,3,51.29,0.5642257,,,,,,,PK,8,1
6,3409950,Area Vocational Technical Schools of Mercer County,Trenton,08690,1085 Old Trenton Rd,,,301,618,3,51.29,0.5642257,,,,,,,9,12,5
7,3401860,Bloomingdale School District,Bloomingdale,07403,225 Glenwild Avenue,,,301,618,3,51.29,0.5642257,,,,,,,PK,8,3
8,3406360,Haddon Township School District,Westmont,08108,500 Rhoads Avenue,,,301,618,3,51.29,0.5642257,,,,,,,PK,12,7
9,3410470,Monroe Township Public School District,Williamstown,08094,75 East Academy Street,,,301,618,3,51.29,0.5642257,,,,,,,PK,12,6
10,3409000,Lopatcong Township School District,Phillipsburg,08865,321 Stonenhenge Drive,,,301,618,3,51.29,0.5642257,,,,,,,PK,8,2
11,3408430,Lebanon Borough School District,Lebanon,08833,6 Maple Street,,,301,618,3,51.29,0.5642257,,,,,,,PK,6,1
12,3414940,Shore Regional High School District,West Long Branch,07764,132 Monmouth Park Hwy 36,,,301,618,3,51.29,0.5642257,,,,,,,9,12,1
13,3417430,West Deptford Township School District,West Deptford,08066,675 Grove Road,,,301,618,3,51.29,0.5642257,,,,,,,PK,12,5
14,3411430,North Arlington School District,North Arlington,07031,222 Ridge Road,,,301,618,3,51.29,0.5642257,,,,,,,PK,12,5
15,3410890,Mt. Ephraim School District,Mount Ephraim,08059,225 W. Kings Highway,,,301,618,3,51.29,0.5642257,,,,,,,PK,8,2
16,3416710,Vernon Township School District,Vernon,07462,625 Route 517,,,301,618,3,51.29,0.5642257,,,,,,,PK,12,6
17,3403840,Dennis Township School District,Cape May Court House,08210,601 Hagan Road,,,301,618,3,51.29,0.5642257,,,,,,,PK,8,2
18,3401050,Audubon Public School Disrict,Audubon,08106,350 Edgewood Avenue,,,301,618,3,51.29,0.5642257,,,,,,,PK,12,3
19,3409030,The Lower Alloways Creek School District,Salem,08079,967 Main Street - Canton,,,301,618,3,51.29,0.5642257,,,,,,,PK,8,1
20,3417910,White Township Consolidated School District,Belvidere,07823,565 Cr 519,,,301,618,3,51.29,0.5642257,,,,,,,PK,8,1
21,3404440,Edgewater School District,Edgewater,07020,251 Undercliff Ave,,,301,618,3,51.29,0.5642257,,,,,,,PK,6,2
22,3413080,Pitman Boro School District,Pitman,08071,420 Hudson Avenue,,,301,618,3,51.29,0.5642257,,,,,,,PK,12,5
23,3416500,Township of Union School District,Union,07083,2369 Morris Avenue,,,301,618,3,51.29,0.5642257,,,,,,,PK,12,10
24,3406180,Greenwich Township School District,Gibbstown,08027,415 Swedesboro Road,,,301,618,3,51.29,0.5642257,,,,,,,K,8,2
25,3415450,Delsea Regional High School District,Franklinville,08322,242 Fries Mill Road,,,301,618,3,51.29,0.5642257,,,,,,,7,12,2
26,3416080,Teaneck School District,Teaneck,07666,1 Merrison St.,,,301,618,3,51.29,0.5642257,,,,,,,PK,12,7
27,3403240,Clementon Elementary School District,Clementon,08021,4 Audubon Avenue,,,301,618,3,51.29,0.5642257,,,,,,,PK,8,1
28,3414310,Roselle Park Public School District,Roselle Park,07204,510 Chestnut Street,,,301,618,3,51.29,0.5642257,,,,,,,PK,12,5
29,3418180,Woodbury Heights Public School District,Woodbury Heights,08097,100 Academy Avenue,,,301,618,3,51.29,0.5642257,,,,,,,PK,6,1
30,3403930,Dover Public School District,Dover,07801,100 Grace Street,,,301,618,3,51.29,0.5642257,,,,,,,PK,12,5
31,3417160,Washington Township School District,Washington,07882,1 East Front St.,,,301,618,3,51.29,0.5642257,,,,,,,PK,6,2
32,3414880,Shamong Township School District,Shamong,08088,295 Indian Mills Road,,,301,618,3,51.29,0.5642257,,,,,,,PK,8,2
33,3400049,Red Bank Charter School,Red Bank,07701,58 Oakland Street,,,301,618,3,51.29,0.5642257,,,,,,,PK,8,1
34,3416350,Union Beach Public School District,Union Beach,07735,1207 Florence Ave,,,301,618,3,51.29,0.5642257,,,,,,,PK,8,1
35,3404890,Evesham Township School District,Marlton,08053,25 S. Maple Avenue,,,301,618,3,51.29,0.5642257,,,,,,,PK,8,8
36,3402700,Cape May City School District,Cape May,08204,921 Lafayette Street,,,301,618,3,51.29,0.5642257,,,,,,,PK,6,1
37,3410440,Monmouth Regional High School,Tinton Falls,07724,1 Norman J Field Way,,,301,618,3,51.29,0.5642257,,,,,,,9,12,1
38,3406990,Hawthorne Public School District,Hawthorne,07506,445 Lafayette Avenue,,,301,618,3,51.29,0.5642257,,,,,,,PK,12,5
39,3407200,Highlands Borough School District,Highlands,07732,360 Navesink Ave,,,301,618,3,51.29,0.5642257,,,,,,,PK,6,1
40,3415870,Stratford School District,Stratford,08084,111 Warwick Road,,,301,618,3,51.29,0.5642257,,,,,,,PK,8,2
41,3402030,Bordentown Regional School District,Bordentown,08505,318 Ward Avenue,,,301,618,3,51.29,0.5642257,,,,,,,PK,12,5
42,3407740,Jackson Township School District,Jackson,08527,151 Don Connor Boulevard,,,301,618,3,51.29,0.5642257,,,,,,,PK,12,10
43,3401830,Bloomfield Township School District,Bloomfield,07003,155 Broad Street,,,301,618,3,51.29,0.5642257,,,,,,,PK,12,11
44,3404800,Essex County Vocational Technical Schools,Newark,07102,60 Nelson Place,,,301,618,3,51.29,0.5642257,,,,,,,9,12,3
45,3406150,Greenwich Township School District,Greenwich,08323,839 Ye Greate Street,,,301,618,3,51.29,0.5642257,,,,,,,K,8,1
46,3411250,New Hanover Township,Wrightstown,08562,122 Fort Dix Street,,,301,618,3,51.29,0.5642257,,,,,,,PK,8,1
47,3400082,Ridge and Valley Charter School,Blairstown,07825,1234 State Route 94,,,301,618,3,51.29,0.5642257,,,,,,,K,8,1
48,3400690,Alexandria Township School District,Pittstown,08867,557 County Road 513,,,301,618,3,51.29,0.5642257,,,,,,,PK,8,2
49,3412060,Township of Ocean School District,Oakhurst,07755,163 Monmouth Road,,,301,618,3,51.29,0.5642257,,,,,,,PK,12,5
0,3414580,Salem County Vocational Technical School District,Woodstown,08098,880 Rt 45,,,351,618,2,43.2,0.5,384,2,611,37.15,0.4506024,602.0,9,12,1
1,3410530,Montague Township School District,Montague,07827,475 Route 206,,,351,618,2,43.2,0.5,384,2,611,37.15,0.4506024,,PK,8,1
2,3416380,Union City School District,Union City,07087,3912 Bergen Turnpike,,,351,618,2,43.2,0.5,384,2,611,37.15,0.4506024,,PK,12,14
3,3414490,Saddle Brook School District,Saddle Brook,07663,355 Mayhill Street,,,351,618,2,43.2,0.5,384,2,611,37.15,0.4506024,,PK,12,5
4,3400046,The Village Charter School,Trenton,08628,101 Sullivan Way,,,351,618,2,43.2,0.5,384,2,611,37.15,0.4506024,,K,8,1
5,3411940,Oaklyn Public School District,Oaklyn,08107,136 Kendall Blvd.,,,351,618,2,43.2,0.5,384,2,611,37.15,0.4506024,,PK,5,1
6,3400759,BelovED Community Charter School,Jersey City,07302,508 Grand Street,,,351,618,2,43.2,0.5,384,2,611,37.15,0.4506024,,K,8,1
7,3401170,Barrington School District,Barrington,08007,311 Reading Avenue,,,351,618,2,43.2,0.5,384,2,611,37.15,0.4506024,,PK,8,2
8,3409090,Lower Cape May Regional School District,Cape May,08204,687 Rt 9,,,351,618,2,43.2,0.5,384,2,611,37.15,0.4506024,,7,12,2
9,3400727,The Ethical Community Charter School,Jersey City,07306,95 Broadway,,,351,618,2,43.2,0.5,384,2,611,37.15,0.4506024,,K,8,1
10,3412570,Passaic Valley Regional High School District #1,Little Falls,07424,170 East  Main  Street,,,351,618,2,43.2,0.5,384,2,611,37.15,0.4506024,,9,12,1
11,3416970,Warren Hills Regional School District,Washington,07882,89 Bowerstown Road,,,351,618,2,43.2,0.5,384,2,611,37.15,0.4506024,,7,12,2
12,3406570,Hammonton School District,Hammonton,08037,566 Old Forks Road,,,351,618,2,43.2,0.5,384,2,611,37.15,0.4506024,,PK,12,4
13,3411790,Northfield City School District,Northfield,08225,2000 New Road,,,351,618,2,43.2,0.5,384,2,611,37.15,0.4506024,,PK,8,2
14,3415480,Southern Regional School District,Manahawkin,08050,105 Cedar Bridge Rd.,,,351,618,2,43.2,0.5,384,2,611,37.15,0.4506024,,7,12,2
15,3408760,Little Ferry Public School District,Little Ferry,07643,130 Liberty Street,,,351,618,2,43.2,0.5,384,2,611,37.15,0.4506024,,PK,8,2
16,3413680,Hazlet Township Public School District,Hazlet,07730,421 Middle Road,,,351,618,2,43.2,0.5,384,2,611,37.15,0.4506024,,PK,12,8
17,3410080,Middlesex County Vocational and Technical School District,East Brunswick,08816,112 Rues Lane,,,351,618,2,43.2,0.5,384,2,611,37.15,0.4506024,,8,12,6
18,3413000,Pinelands Regional School District,Little Egg Harbor,08087,520 Nugentown Road,,,351,618,2,43.2,0.5,384,2,611,37.15,0.4506024,,7,12,2
19,3405400,Franklin Borough School District,Franklin,07416,50 Washington Avenue,,,351,618,2,43.2,0.5,384,2,611,37.15,0.4506024,,PK,8,1
20,3400781,Empowerment Academy Charter School,Jersey City,07304,240 Ege Avenue,,,351,618,2,43.2,0.5,384,2,611,37.15,0.4506024,,K,4,1
21,3408100,Lacey Township School District,Lanoka Harbor,08734,200 Western Blvd.,,,351,618,2,43.2,0.5,384,2,611,37.15,0.4506024,,PK,12,6
22,3402220,Brick Township Public School District,Brick,08724,101 Hendrickson Avenue,,,351,618,2,43.2,0.5,384,2,611,37.15,0.4506024,,PK,12,12
23,3400769,South Hunterdon Regional School District,Lambertville,08530,301 Mt. Airy-Harbourton Rd,,,351,618,2,43.2,0.5,384,2,611,37.15,0.4506024,,PK,12,3
24,3401260,Bayonne School District,Bayonne,07002,669 Avenue A,,,351,618,2,43.2,0.5,384,2,611,37.15,0.4506024,,PK,12,13
25,3407350,Hoboken Public School District,Hoboken,07030,158 4th Street,,,351,618,2,43.2,0.5,384,2,611,37.15,0.4506024,,PK,12,6
26,3400720,Allamuchy Township School District,Allamuchy,07820,20 Johnsonburg Road,,,351,618,2,43.2,0.5,384,2,611,37.15,0.4506024,,PK,8,2
27,3400748,John P Holland Charter School,Paterson,07501,190 Oliver Street,,,351,618,2,43.2,0.5,384,2,611,37.15,0.4506024,,PK,8,1
28,3413500,Quinton Township School District,Quinton,08072,8 Robinson Street,,,351,618,2,43.2,0.5,384,2,611,37.15,0.4506024,,PK,8,1
29,3416920,Wallington Boro School District,Wallington,07057,32 Pine Street,,,351,618,2,43.2,0.5,384,2,611,37.15,0.4506024,,PK,12,3
30,3400773,Link Community Charter School,Newark,07114,23 Pennsylvania Avenue,,,351,618,2,43.2,0.5,384,2,611,37.15,0.4506024,,5,8,1
31,3415180,South Bound Brook Public Schools,South Bound Brook,08880,122 Elizabeth Street,,,351,618,2,43.2,0.5,384,2,611,37.15,0.4506024,,PK,8,1
32,3400810,Alloway Township School District,Alloway,08001,43 Cedar Street,,,351,618,2,43.2,0.5,384,2,611,37.15,0.4506024,,PK,8,1
33,3404320,East Windsor Regional School District,Hightstown,08520,25a Leshin Lane,,,351,618,2,43.2,0.5,384,2,611,37.15,0.4506024,,PK,12,6
34,3407800,Jefferson Township Public School District,Lake Hopatcong,07849,31 Route 181,,,351,618,2,43.2,0.5,384,2,611,37.15,0.4506024,,PK,12,7
35,3401800,Blairstown Elementary Township School District,Blairstown,07825,1 Sunset Hill Road,,,351,618,2,43.2,0.5,384,2,611,37.15,0.4506024,,PK,6,1
36,3400764,Phillip's Academy Charter School,Newark,07103,342 Central Avenue,,,351,618,2,43.2,0.5,384,2,611,37.15,0.4506024,,PK,8,1
37,3414100,Rockaway Borough School District,Rockaway,07866,103 East Main Street,,,351,618,2,43.2,0.5,384,2,611,37.15,0.4506024,,PK,8,2
38,3411070,Mullica Township School District,Hammonton,08037,500 Elwood Road,,,351,618,2,43.2,0.5,384,2,611,37.15,0.4506024,,PK,8,2
39,3404560,Egg Harbor Township School District,Egg Harbor Township,08234,13 Swift Drive,,,351,618,2,43.2,0.5,384,2,611,37.15,0.4506024,,PK,12,7
40,3407170,Highland Park Boro School District,Highland Park,08904,435 Mansfield Street,,,351,618,2,43.2,0.5,384,2,611,37.15,0.4506024,,PK,12,4
41,3401290,Beach Haven School District,Beach Haven,08008,8th Street & Beach Avenue,,,351,618,2,43.2,0.5,384,2,611,37.15,0.4506024,,PK,6,1
42,3401620,Berlin Township School District,West Berlin,08091,225 Grove Avenue,,,351,618,2,43.2,0.5,384,2,611,37.15,0.4506024,,PK,8,2
43,3411190,Netcong School District,Netcong,07857,26 College Road,,,351,618,2,43.2,0.5,384,2,611,37.15,0.4506024,,PK,8,1
44,3416680,Ventnor City School District,Ventnor City,08406,400 N. Lafayette Avenue,,,351,618,2,43.2,0.5,384,2,611,37.15,0.4506024,,PK,8,2
45,3404860,Estell Manor School District,Estell Manor,08319,128 Cape May Avenue,,,351,618,2,43.2,0.5,384,2,611,37.15,0.4506024,,K,8,1
46,3401740,Beverly City School,Beverly,08010,601 Bentley Ave.,,,351,618,2,43.2,0.5,384,2,611,37.15,0.4506024,,PK,8,1
47,3400719,Pride Academy Charter School,East Orange,07018,117 Elmwood Ave,,,351,618,2,43.2,0.5,384,2,611,37.15,0.4506024,,5,8,1
48,3413110,Pittsgrove Township School District,Pittsgrove,08318,1076 Almond Road,,,351,618,2,43.2,0.5,384,2,611,37.15,0.4506024,,PK,12,5
49,3409550,North Warren Regional School District,Blairstown,07825,10 Noe Road,,,351,618,2,43.2,0.5,384,2,611,37.15,0.4506024,,7,12,1
0,3417640,Woodland Park School District,Woodland Park,07424,853 McBride Avenue,,,401,618,2,35.11,0.4469553,405,2,611,33.72,0.4240726,1080.0,PK,8,3
1,3406030,Gloucester Township Public Schools,Blackwood,08012,17 Erial Road,,,401,618,2,35.11,0.4469553,405,2,611,33.72,0.4240726,,PK,8,11
2,3409960,Merchantville School District,Merchantville,08109,130 S. Centre Street,,,401,618,2,35.11,0.4469553,405,2,611,33.72,0.4240726,,PK,8,1
3,3400990,Atlantic County Vocational School District,Mays Landing,08330,5080 Atlantic Avenue,,,401,618,2,35.11,0.4469553,405,2,611,33.72,0.4240726,,9,12,2
4,3402790,Carlstadt PublicSchool District,Carlstadt,07072,550 Washington Street,,,401,618,2,35.11,0.4469553,405,2,611,33.72,0.4240726,,PK,8,1
5,3406240,Guttenberg School District,Guttenberg,07093,301 69th Street,,,401,618,2,35.11,0.4469553,405,2,611,33.72,0.4240726,,PK,8,1
6,3417070,Washington Township School District,Sewell,08080,206 East Holly Avenue,,,401,618,2,35.11,0.4469553,405,2,611,33.72,0.4240726,,PK,12,11
7,3413260,Pohatcong Township School District,Phillipsburg,08865,240 Route 519,,,401,618,2,35.11,0.4469553,405,2,611,33.72,0.4240726,,PK,8,1
8,3404050,Eagleswood Township School District,West Creek,08092,511 Route 9,,,401,618,2,35.11,0.4469553,405,2,611,33.72,0.4240726,,PK,6,1
9,3403300,Clifton Public School District,Clifton,07013,745 Clifton Avenue,,,401,618,2,35.11,0.4469553,405,2,611,33.72,0.4240726,,PK,12,18
10,3406000,Gloucester City Public School District,Gloucester City,08030,520 Cumberland Street,,,401,618,2,35.11,0.4469553,405,2,611,33.72,0.4240726,,PK,12,3
11,3404660,Elmwood Park School District,Elmwood Park,07407,60 East 53rd Street,,,401,618,2,35.11,0.4469553,405,2,611,33.72,0.4240726,,PK,12,5
12,3411400,Newton Public School District,Newton,07860,57 Trinity Street,,,401,618,2,35.11,0.4469553,405,2,611,33.72,0.4240726,,PK,12,3
13,3409450,Manchester Township School District,Whiting,08759,121 Route 539,,,401,618,2,35.11,0.4469553,405,2,611,33.72,0.4240726,,PK,12,6
14,3400055,Sussex County Technology Charter School,Sparta,07871,385 N. Church Rd.,,,401,618,2,35.11,0.4469553,405,2,611,33.72,0.4240726,,6,8,1
15,3411670,North Wildwood School District,North Wildwood,08260,1201 Atlantic Avenue,,,401,618,2,35.11,0.4469553,405,2,611,33.72,0.4240726,,PK,8,1
16,3401770,Black Horse Pike Regional School District,Blackwood,08012,580 Erial Road,,,401,618,2,35.11,0.4469553,405,2,611,33.72,0.4240726,,9,12,3
17,3405760,Garfield Public School District,Garfield,07026,34 Outwater Lane,,,401,618,2,35.11,0.4469553,405,2,611,33.72,0.4240726,,PK,12,12
18,3415930,Sussex County Technical School District,Sparta,07871,105 North Church Road,,,401,618,2,35.11,0.4469553,405,2,611,33.72,0.4240726,,9,12,1
19,3415960,Sussex-Wantage Regional School District,Sussex,07461,27 Bank Street,,,401,618,2,35.11,0.4469553,405,2,611,33.72,0.4240726,,PK,8,3
20,3401410,Belmar Elementary School District,Belmar,07719,1101 Main St,,,401,618,2,35.11,0.4469553,405,2,611,33.72,0.4240726,,PK,8,1
21,3413800,Ridgefield Park School District,Ridgefield Park,07660,712 Lincoln Ave,,,401,618,2,35.11,0.4469553,405,2,611,33.72,0.4240726,,PK,12,4
22,3404020,Dunellen Public School District,Dunellen,08812,400 High Street,,,401,618,2,35.11,0.4469553,405,2,611,33.72,0.4240726,,PK,12,3
23,3400034,Jersey City Golden Door Charter School,Jersey City,07306,3044 Kennedy Blvd,,,401,618,2,35.11,0.4469553,405,2,611,33.72,0.4240726,,PK,8,1
24,3409540,Mansfield Township Elementary School District,Port Murray,07865,50 Port Murray Road,,,401,618,2,35.11,0.4469553,405,2,611,33.72,0.4240726,,PK,6,1
25,3402460,Burlington Township School District,Burlington,08016,710 Jacksonville Road,,,401,618,2,35.11,0.4469553,405,2,611,33.72,0.4240726,,PK,12,4
26,3416260,Totowa Public School District,Totowa,07512,294 Totowa Road,,,401,618,2,35.11,0.4469553,405,2,611,33.72,0.4240726,,PK,8,2
27,3418120,Woodbridge Township School District,Woodbridge,07095,421 School Street,,,401,618,2,35.11,0.4469553,405,2,611,33.72,0.4240726,,PK,12,26
28,3417880,Wharton Borough School District,Wharton,07885,137 East Central Avenue,,,401,618,2,35.11,0.4469553,405,2,611,33.72,0.4240726,,PK,8,2
29,3403900,Deptford Township Public School District,Deptford,08096,2022 Good Intent Road,,,401,618,2,35.11,0.4469553,405,2,611,33.72,0.4240726,,PK,12,8
30,3416870,Wallkill Valley Regional High School,Hamburg,07419,10 Grumm Road,,,401,618,2,35.11,0.4469553,405,2,611,33.72,0.4240726,,9,12,1
31,3416470,Barnegat Township School District,Barnegat,08005,550 Barnegat Blvd,,,401,618,2,35.11,0.4469553,405,2,611,33.72,0.4240726,,PK,12,6
32,3412150,Ogdensburg Borough School District,Ogdensburg,07439,100 Main Street,,,401,618,2,35.11,0.4469553,405,2,611,33.72,0.4240726,,PK,8,1
33,3401350,Belleville Public Schools,Belleville,07109,102 Passaic Ave,,,401,618,2,35.11,0.4469553,405,2,611,33.72,0.4240726,,PK,12,9
34,3406060,Greater Egg Harbor Regional High School District,Mays Landing,08330,1824 Dr. Dennis Foreman Dr.,,,401,618,2,35.11,0.4469553,405,2,611,33.72,0.4240726,,9,12,3
35,3403780,Delran Township School District,Delran,08075,52 Hartford Road,,,401,618,2,35.11,0.4469553,405,2,611,33.72,0.4240726,,PK,12,4
36,3405850,Gibbsboro Elementary School,Gibbsboro,08026,37 Kirkwood Rd.,,,401,618,2,35.11,0.4469553,405,2,611,33.72,0.4240726,,PK,8,1
37,3416230,Toms River Regional School District,Toms River,08753,1144 Hooper Avenue,,,401,618,2,35.11,0.4469553,405,2,611,33.72,0.4240726,,PK,12,18
38,3407770,Jamesburg Public School District,Jamesburg,08831,13 Augusta Street,,,401,618,2,35.11,0.4469553,405,2,611,33.72,0.4240726,,PK,8,2
39,3412390,Palmyra Public School District,Palmyra,08065,301 Delaware Avenue,,,401,618,2,35.11,0.4469553,405,2,611,33.72,0.4240726,,PK,12,2
40,3417010,Washington Borough School District,Washington,07882,300 West Stewart Street,,,401,618,2,35.11,0.4469553,405,2,611,33.72,0.4240726,,PK,6,2
41,3404620,Elk Township School District,Glassboro,08028,900 Clems Run,,,401,618,2,35.11,0.4469553,405,2,611,33.72,0.4240726,,PK,6,1
42,3400787,Hudson Arts and Science Charter School,Kearny,07032,131 Midland Ave,,,401,618,2,35.11,0.4469553,405,2,611,33.72,0.4240726,,K,7,1
43,3402340,Brigantine Public School District,Brigantine,08203,301 East Evans Boulevard,,,401,618,2,35.11,0.4469553,405,2,611,33.72,0.4240726,,PK,8,2
44,3415090,Somerville Public School District,Somerville,08876,51 West Cliff St.,,,401,618,2,35.11,0.4469553,405,2,611,33.72,0.4240726,,PK,12,3
45,3417730,Westampton Township Public School District,Westampton,08060,700 Rancocas Road,,,401,618,2,35.11,0.4469553,405,2,611,33.72,0.4240726,,PK,8,2
46,3406270,Hackensack School District,Hackensack,07601,191 Second Street,,,401,618,2,35.11,0.4469553,405,2,611,33.72,0.4240726,,PK,12,6
47,3415000,Somerdale School District,Somerdale,08083,301 Grace Street,,,401,618,2,35.11,0.4469553,405,2,611,33.72,0.4240726,,PK,8,1
48,3408910,Long Beach Island Consolidated School District,Ship Bottom,08008,201 20th Street,,,401,618,2,35.11,0.4469553,405,2,611,33.72,0.4240726,,PK,6,2
49,3400660,Absecon Public Schools District,Absecon,08201,800 Irelan Avenue,,,401,618,2,35.11,0.4469553,405,2,611,33.72,0.4240726,,PK,8,2
0,3403660,Deerfield Township School District,Rosenhayn,08352,419 Morton Avenue,,,451,618,1,27.02,0.369141,515,1,611,15.71,0.26864,306.0,PK,8,1
1,3407830,Jersey City Public Schools,Jersey City,07305,346 Claremont Avenue,,,451,618,1,27.02,0.369141,515,1,611,15.71,0.26864,,PK,12,39
2,3411490,North Brunswick Township School District,North Brunswick,08902,308 Old Georges Rd,,,451,618,1,27.02,0.369141,515,1,611,15.71,0.26864,,PK,12,6
3,3400079,Environment Community Opportunity (ECO) Charter School,Camden,08102,817 Carpenter Street,,,451,618,1,27.02,0.369141,515,1,611,15.71,0.26864,,K,7,1
4,3417310,Weehawken Public School District,Weehawken,07086,53 Liberty Place,,,451,618,1,27.02,0.369141,515,1,611,15.71,0.26864,,PK,12,3
5,3408370,Lawrence Township School District,Cedarville,08311,225 Main Street,,,451,618,1,27.02,0.369141,515,1,611,15.71,0.26864,,PK,8,1
6,3417790,Westville Boro Public School District,Westville,08093,101 Birch Street,,,451,618,1,27.02,0.369141,515,1,611,15.71,0.26864,,PK,6,1
7,3409630,Manville Board of Education,Manville,08835,410 Brooks Blvd,,,451,618,1,27.02,0.369141,515,1,611,15.71,0.26864,,PK,12,4
8,3407950,Keyport School District,Keyport,07735,370 Broad Street,,,451,618,1,27.02,0.369141,515,1,611,15.71,0.26864,,PK,12,2
9,3416320,Tuckerton Borough School District,Tuckerton,08087,217 Marine Street,,,451,618,1,27.02,0.369141,515,1,611,15.71,0.26864,,PK,6,1
10,3405580,Freehold Borough School District,Freehold,07728,280 Park Avenue,,,451,618,1,27.02,0.369141,515,1,611,15.71,0.26864,,PK,8,3
11,3405490,Franklin Township Public Schools,Somerset,08873,1755 Amwell Rd,,,451,618,1,27.02,0.369141,515,1,611,15.71,0.26864,,PK,12,10
12,3400776,Camden Prep Inc.,Camden,08104,1575 Mt Ephraim Ave,,,451,618,1,27.02,0.369141,515,1,611,15.71,0.26864,,K,7,1
13,3411100,National Park Boro School District,National Park,08063,516 Lakehurst Avenue,,,451,618,1,27.02,0.369141,515,1,611,15.71,0.26864,,PK,6,1
14,3404200,East Newark School District,East Newark,07029,501-11 North Third Street,,,451,618,1,27.02,0.369141,515,1,611,15.71,0.26864,,PK,8,1
15,3406870,Harrison Public Schools,Harrison,07029,501 Hamilton Street,,,451,618,1,27.02,0.369141,515,1,611,15.71,0.26864,,PK,12,4
16,3406540,Hamilton Township Public School District,Hamilton,08690,90 Park Avenue,,,451,618,1,27.02,0.369141,515,1,611,15.71,0.26864,,PK,12,23
17,3412360,Palisades Park School District,Palisades Park,07650,410 Second St,,,451,618,1,27.02,0.369141,515,1,611,15.71,0.26864,,PK,12,3
18,3412300,Oxford Township School District,Oxford,07863,17 Kent Street,,,451,618,1,27.02,0.369141,515,1,611,15.71,0.26864,,PK,8,1
19,3405730,Galloway Township Public Schools,Galloway,08205,101 S Reeds Road,,,451,618,1,27.02,0.369141,515,1,611,15.71,0.26864,,PK,8,6
20,3401890,Bloomsbury Borough School District,Bloomsbury,08804,20 Main Street,,,451,618,1,27.02,0.369141,515,1,611,15.71,0.26864,,PK,8,1
21,3412960,Phillipsburg School District,Phillipsburg,08865,50 Sargent Avenue,,,451,618,1,27.02,0.369141,515,1,611,15.71,0.26864,,PK,12,5
22,3400840,Alpha Borough School District,Alpha,08865,817 North Blvd.,,,451,618,1,27.02,0.369141,515,1,611,15.71,0.26864,,PK,8,1
23,3405280,Folsom Borough School District,Hammonton,08037,1357 Mays Landing Road,,,451,618,1,27.02,0.369141,515,1,611,15.71,0.26864,,PK,8,1
24,3407890,Kearny,Kearny,07032,172-174 Midland Avenue,,,451,618,1,27.02,0.369141,515,1,611,15.71,0.26864,,PK,12,7
25,3408610,Linden Public School District,Linden,07036,2 E. Gibbons Street,,,451,618,1,27.02,0.369141,515,1,611,15.71,0.26864,,PK,12,11
26,3416020,Tabernacle Township School District,Tabernacle,08088,132 New Road,,,451,618,1,27.02,0.369141,515,1,611,15.71,0.26864,,PK,8,2
27,3409180,Lumberton Township Board of Education,Lumberton,08048,33 Municipal Drive,,,451,618,1,27.02,0.369141,515,1,611,15.71,0.26864,,PK,8,4
28,3417970,Wildwood Crest Borough School District,Wildwood Crest,08260,9100 Pacific Avenue,,,451,618,1,27.02,0.369141,515,1,611,15.71,0.26864,,PK,8,1
29,3401380,Bellmawr Public School District,Bellmawr,08031,256 Anderson Ave,,,451,618,1,27.02,0.369141,515,1,611,15.71,0.26864,,PK,8,3
30,3406480,Hamburg School District,Hamburg,07419,30 Linwood Ave.,,,451,618,1,27.02,0.369141,515,1,611,15.71,0.26864,,PK,8,1
31,3401560,Berkeley Township School District,Bayville,08721,53 Central Parkway,,,451,618,1,27.02,0.369141,515,1,611,15.71,0.26864,,PK,6,4
32,3400723,Paul Robeson Charter School for the Humanities,Trenton,08638,643 Indiana Ave.,,,451,618,1,27.02,0.369141,515,1,611,15.71,0.26864,,4,8,1
33,3410020,Middle Township Public School District,Cape May Court House,08210,216 South Main Street,,,451,618,1,27.02,0.369141,515,1,611,15.71,0.26864,,PK,12,4
34,3402910,Central Regional School District,Bayville,08721,509 Forest Hills Parkway,,,451,618,1,27.02,0.369141,515,1,611,15.71,0.26864,,7,12,2
35,3411460,North Bergen School District,North Bergen,07047,7317 Kennedy Blvd,,,451,618,1,27.02,0.369141,515,1,611,15.71,0.26864,,PK,12,7
36,3402670,Camden County Technical School District,Sicklerville,08081,343 Berlin Cross Keys Road,,,451,618,1,27.02,0.369141,515,1,611,15.71,0.26864,,9,12,2
37,3400076,Hope Academy Charter School,Asbury Park,07712,601 Grand Avenue,,,451,618,1,27.02,0.369141,515,1,611,15.71,0.26864,,K,8,1
38,3412030,Ocean Gate School District,Ocean Gate,08740,126 West Arverne Avenue,,,451,618,1,27.02,0.369141,515,1,611,15.71,0.26864,,PK,6,1
39,3402490,Burlington County Institute of Technology School District,Westampton,08060,2 Academy Drive,,,451,618,1,27.02,0.369141,515,1,611,15.71,0.26864,,9,12,2
40,3406450,Haledon Public School District,Haledon,07508,91 Henry Street,,,451,618,1,27.02,0.369141,515,1,611,15.71,0.26864,,PK,8,1
41,3403630,Deal Boro School District,Deal,07723,201 Roseld Ave,,,451,618,1,27.02,0.369141,515,1,611,15.71,0.26864,,K,8,1
42,3401200,Bass River Township Board Of Education,New Gretna,08224,11 North Maple Ave,,,451,618,1,27.02,0.369141,515,1,611,15.71,0.26864,,PK,6,1
43,3402800,Carlstadt-East Rutherford Regional High School District,East Rutherford,07073,120 Paterson Avenue,,,451,618,1,27.02,0.369141,515,1,611,15.71,0.26864,,9,12,1
44,3402820,Carteret Public School District,Carteret,07008,599 Roosevelt Avenue,,,451,618,1,27.02,0.369141,515,1,611,15.71,0.26864,,PK,12,5
45,3409300,Magnolia School District,Magnolia,08049,420 N. Warwick Rd,,,451,618,1,27.02,0.369141,515,1,611,15.71,0.26864,,PK,8,1
46,3406810,Harmony Township School District,Phillipsburg,08865,2551 Belvidere Road,,,451,618,1,27.02,0.369141,515,1,611,15.71,0.26864,,PK,8,1
47,3405820,Gateway Regional School District,Woodbury Heights,08096,775 Tanyard Road,,,451,618,1,27.02,0.369141,515,1,611,15.71,0.26864,,7,12,1
48,3410920,Mount Holly Township Public School District,Mount Holly,08060,331 Levis Drive,,,451,618,1,27.02,0.369141,515,1,611,15.71,0.26864,,PK,8,3
49,3412930,Perth Amboy Public School District,Perth Amboy,08861,178 Barracks Street,,,451,618,1,27.02,0.369141,515,1,611,15.71,0.26864,,PK,12,11
0,3414430,Runnemede Public School District,Runnemede,08078,505 W. Third Avenue,,,501,618,1,18.93,0.2856639,427,2,611,30.11,0.3961453,814.0,PK,8,3
1,3400724,Burch Charter School of Excellence,Irvington,07111,100 Linden Avenue,,,501,618,1,18.93,0.2856639,427,2,611,30.11,0.3961453,,K,5,1
2,3418060,Winslow Township School District,Atco,08004,40 Cooper Folly Rd,,,501,618,1,18.93,0.2856639,427,2,611,30.11,0.3961453,,PK,12,8
3,3416530,Upper Deerfield Township School District,Seabrook,08302,1385 Highway 77,,,501,618,1,18.93,0.2856639,427,2,611,30.11,0.3961453,,PK,8,3
4,3409120,Pennsville Public School District,Pennsville,08070,30 Church Street,,,501,618,1,18.93,0.2856639,427,2,611,30.11,0.3961453,,PK,12,5
5,3404590,Elizabeth Public Schools,Elizabeth,07208,500 North Broad Street,,,501,618,1,18.93,0.2856639,427,2,611,30.11,0.3961453,,PK,12,36
6,3417580,West New York Board Of Education,West New York,07093,6028 Broadway,,,501,618,1,18.93,0.2856639,427,2,611,30.11,0.3961453,,PK,12,9
7,3415120,South Amboy School District,South Amboy,08879,240 John Street,,,501,618,1,18.93,0.2856639,427,2,611,30.11,0.3961453,,PK,12,2
8,3412810,Pemberton Township School District,Pemberton,08068,1 Egbert St.,,,501,618,1,18.93,0.2856639,427,2,611,30.11,0.3961453,,PK,12,11
9,3404920,Ewing Township School District,Ewing,08618,2099 Pennington Rd,,,501,618,1,18.93,0.2856639,427,2,611,30.11,0.3961453,,PK,12,5
10,3415390,South River Public School District,South River,08882,15 Montgomery Street,,,501,618,1,18.93,0.2856639,427,2,611,30.11,0.3961453,,PK,12,4
11,3407920,Kenilworth School District,Kenilworth,07033,426 Boulevard,,,501,618,1,18.93,0.2856639,427,2,611,30.11,0.3961453,,PK,12,2
12,3404470,Edgewater Park Township School District,Edgewater Park,08010,25 Washington Avenue,,,501,618,1,18.93,0.2856639,427,2,611,30.11,0.3961453,,PK,8,2
13,3400792,Achieve Community Charter School,Newark,07112,352 South 7th Street,,,501,618,1,18.93,0.2856639,427,2,611,30.11,0.3961453,,K,5,1
14,3404350,Eastampton Township School District,Eastampton,08060,1 Student Drive,,,501,618,1,18.93,0.2856639,427,2,611,30.11,0.3961453,,PK,8,1
15,3404230,East Orange School District,East Orange,07017,199 4th Ave,,,501,618,1,18.93,0.2856639,427,2,611,30.11,0.3961453,,PK,12,20
16,3405220,Florence Township School District,Florence,08518,201 Cedar Street,,,501,618,1,18.93,0.2856639,427,2,611,30.11,0.3961453,,PK,12,3
17,3400766,Compass Academy Charter School,Vineland,08360,23 W Chestnut Ave,,,501,618,1,18.93,0.2856639,427,2,611,30.11,0.3961453,,K,5,1
18,3406510,Hamilton Township School District,Mays Landing,08330,1876 Dr. Dennis Foreman Dr.,,,501,618,1,18.93,0.2856639,427,2,611,30.11,0.3961453,,PK,8,3
19,3402130,Bradley Beach School District,Bradley Beach,07720,515 Brinley Avenue,,,501,618,1,18.93,0.2856639,427,2,611,30.11,0.3961453,,PK,8,1
20,3412990,Pine Hill School District,Pine HIll,08021,1003 Turnerville Road,,,501,618,1,18.93,0.2856639,427,2,611,30.11,0.3961453,,PK,12,4
21,3411130,Neptune City School District,Neptune City,07753,210 West Sylvania Ave.,,,501,618,1,18.93,0.2856639,427,2,611,30.11,0.3961453,,PK,8,1
22,3413740,Red Bank Borough Public School District,Red Bank,07701,76 Branch Avenue,,,501,618,1,18.93,0.2856639,427,2,611,30.11,0.3961453,,PK,8,2
23,3412270,Orange Board Of Education School District,Orange,07050,451 Lincoln Avenue,,,501,618,1,18.93,0.2856639,427,2,611,30.11,0.3961453,,PK,12,11
24,3418030,Winfield Township,Winfield Park,07036,7 1/2 Gulfstream Avenue,,,501,618,1,18.93,0.2856639,427,2,611,30.11,0.3961453,,PK,8,1
25,3401440,Belvidere School District,Belvidere,07823,809 Oxford Street,,,501,618,1,18.93,0.2856639,427,2,611,30.11,0.3961453,,PK,12,3
26,3416800,Vineland Public School District,Vineland,08360,61 W Landis Ave,,,501,618,1,18.93,0.2856639,427,2,611,30.11,0.3961453,,PK,12,14
27,3404740,Englewood Public School District,Englewood,07631,274 Knickerbocker Road,,,501,618,1,18.93,0.2856639,427,2,611,30.11,0.3961453,,PK,12,5
28,3415030,Somers Point School District,Somers Point,08244,121 W. New York Avenue,,,501,618,1,18.93,0.2856639,427,2,611,30.11,0.3961453,,PK,8,3
29,3402370,Brooklawn Public School District,Brooklawn,08030,301 Haakon Road,,,501,618,1,18.93,0.2856639,427,2,611,30.11,0.3961453,,PK,8,1
30,3400756,Dr Lena Edwards Academic Charter School,Jersey City,07304,509 Bramhall Ave.,,,501,618,1,18.93,0.2856639,427,2,611,30.11,0.3961453,,K,8,1
31,3409660,Maple Shade School District,Maple Shade,08052,170 Frederick Avenue,,,501,618,1,18.93,0.2856639,427,2,611,30.11,0.3961453,,PK,12,4
32,3403620,Cumberland Regional School District,Bridgeton,08302,65 Love Lane,,,501,618,1,18.93,0.2856639,427,2,611,30.11,0.3961453,,9,12,1
33,3407440,Hopatcong Borough School District,Hopatcong,07843,2 Windsor Ave,,,501,618,1,18.93,0.2856639,427,2,611,30.11,0.3961453,,PK,12,5
34,3418240,Woodland Township School District,Chatsworth,08019,2 John Bowker Jr. Blvd.,,,501,618,1,18.93,0.2856639,427,2,611,30.11,0.3961453,,PK,8,1
35,3413530,Rahway Public School District,Rahway,07065,P.O. Box 1024,,,501,618,1,18.93,0.2856639,427,2,611,30.11,0.3961453,,PK,12,6
36,3400740,The Barack Obama Green Charter High School District,Plainfield,07060,35 Watchung Ave,,,501,618,1,18.93,0.2856639,427,2,611,30.11,0.3961453,,9,12,1
37,3407500,Hopewell Township School District,Bridgeton,08302,122 Sewall Road,,,501,618,1,18.93,0.2856639,427,2,611,30.11,0.3961453,,PK,8,1
38,3400763,Hope Community Charter School,Camden,08103,836 S. 4th Street,,,501,618,1,18.93,0.2856639,427,2,611,30.11,0.3961453,,K,5,1
39,3405880,Glassboro School District,Glassboro,08028,560 Joseph Bowe Memorial Boule,,,501,618,1,18.93,0.2856639,427,2,611,30.11,0.3961453,,PK,12,5
40,3418090,Woodbine School District,Woodbine,08270,801 Webster St.,,,501,618,1,18.93,0.2856639,427,2,611,30.11,0.3961453,,PK,8,1
41,3400718,Community Charter School of Paterson,Paterson,07501,75 Spruce St,,,501,618,1,18.93,0.2856639,427,2,611,30.11,0.3961453,,K,8,1
42,3400033,Jersey City Community Charter School,Jersey City,07305,128 Danforth Avenue,,,501,618,1,18.93,0.2856639,427,2,611,30.11,0.3961453,,K,8,1
43,3411340,Newark Public School District,Newark,07102,765 Broad Street,,,501,618,1,18.93,0.2856639,427,2,611,30.11,0.3961453,,PK,12,64
44,3403690,Delanco Township School District,Delanco,08075,1301 Burlington Avenue,,,501,618,1,18.93,0.2856639,427,2,611,30.11,0.3961453,,PK,8,2
45,3402730,Cape May County Technical High School District,Cape May Court House,08210,188 Crest Haven Road,,,501,618,1,18.93,0.2856639,427,2,611,30.11,0.3961453,,9,12,1
46,3412090,Ocean Township School District,Waretown,08758,64 Railroad Avenue,,,501,618,1,18.93,0.2856639,427,2,611,30.11,0.3961453,,PK,6,2
47,3407290,Hillside Public School District,Hillside,07205,195 Virginia Street,,,501,618,1,18.93,0.2856639,427,2,611,30.11,0.3961453,,PK,12,6
48,3417920,Warren County Technical School District,Washington,07882,1500 Route 57,,,501,618,1,18.93,0.2856639,427,2,611,30.11,0.3961453,,9,12,1
49,3418150,Woodbury City Public School District,Woodbury,08096,25 N. Broad Street,,,501,618,1,18.93,0.2856639,427,2,611,30.11,0.3961453,,PK,12,4
0,3400960,Atlantic City School District,Atlantic City,08401,1300 Atlantic Avenue,,,551,618,1,10.84,0.2009419,561,0,611,8.18,0.1718478,6984.0,PK,12,11
1,3412840,Penns Grove-Carneys Point Regional School District,Penns Grove,08069,100 Iona Avenue,,,551,618,1,10.84,0.2009419,561,0,611,8.18,0.1718478,,PK,12,5
2,3400021,East Orange Community Charter School,East Orange,07017,99 Washington Street,,,551,618,1,10.84,0.2009419,561,0,611,8.18,0.1718478,,K,5,1
3,3403180,Clayton Public School District,Clayton,08312,350 East Clinton Street,,,551,618,1,10.84,0.2009419,561,0,611,8.18,0.1718478,,PK,12,3
4,3402430,Burlington City Public School District,Burlington,08016,550 High Street,,,551,618,1,10.84,0.2009419,561,0,611,8.18,0.1718478,,PK,12,4
5,3409780,Maurice River Township School District,Port Elizabeth,08348,3593 Rt 47,,,551,618,1,10.84,0.2009419,561,0,611,8.18,0.1718478,,PK,8,1
6,3408940,LONG BRANCH PUBLIC SCHOOL District,Long Branch,07740,540 Broadway,,,551,618,1,10.84,0.2009419,561,0,611,8.18,0.1718478,,PK,12,8
7,3408340,Lawnside School Distric,Lawnside,08045,426   East Charleston Avenue,,,551,618,1,10.84,0.2009419,561,0,611,8.18,0.1718478,,PK,8,1
8,3414280,Roselle Public Schools,Roselle,07203,710 Locust Street,,,551,618,1,10.84,0.2009419,561,0,611,8.18,0.1718478,,PK,12,8
9,3402880,Sterling Regional School District,Somerdale,08083,501 S. Warwick Rd.,,,551,618,1,10.84,0.2009419,561,0,611,8.18,0.1718478,,9,12,1
10,3400789,Ocean Academy Charter School,Lakewood,08701,678- 5th Street,,,551,618,1,10.84,0.2009419,561,0,611,8.18,0.1718478,,K,3,1
11,3403960,Downe Township School District,Newport,08345,220 Main Street,,,551,618,1,10.84,0.2009419,561,0,611,8.18,0.1718478,,PK,8,1
12,3402400,Buena Regional School District,Richland,08350,914 Main Avenue,,,551,618,1,10.84,0.2009419,561,0,611,8.18,0.1718478,,PK,12,5
13,3411640,North Plainfield School District,North Plainfield,07060,33 Mountain Avenue,,,551,618,1,10.84,0.2009419,561,0,611,8.18,0.1718478,,PK,12,6
14,3400047,Greater Brunswick Charter School,New Brunswick,08901,429 Joyce Kilmer Avenue,,,551,618,1,10.84,0.2009419,561,0,611,8.18,0.1718478,,K,8,1
15,3412690,Paterson Public School District,Paterson,07503,90 Delaware Avenue,,,551,618,1,10.84,0.2009419,561,0,611,8.18,0.1718478,,PK,12,51
16,3412600,Passaic County Manchester Regional High School District,Haledon,07508,70 Church Street,,,551,618,1,10.84,0.2009419,561,0,611,8.18,0.1718478,,9,12,1
17,3400783,International Academy of Atlantic City Charter School,Egg Harbor Township,08234,6718 Black Horse Pike,,,551,618,1,10.84,0.2009419,561,0,611,8.18,0.1718478,,K,6,1
18,3400744,Benjamin Banneker Preparatory Charter School,Mount Holly,08060,300 Willingboro Way,,,551,618,1,10.84,0.2009419,561,0,611,8.18,0.1718478,,K,8,1
19,3411160,Neptune Township School District,Neptune,07753,60 Neptune Blvd,,,551,618,1,10.84,0.2009419,561,0,611,8.18,0.1718478,,PK,12,8
20,3405070,Fairview Public School District,Fairview,07022,130 Hamilton Avenue,,,551,618,1,10.84,0.2009419,561,0,611,8.18,0.1718478,,PK,8,3
21,3400019,Chartertech High School for the Performing Arts,Somers Point,08244,413 New Rd.,,,551,618,1,10.84,0.2009419,561,0,611,8.18,0.1718478,,9,12,1
22,3400755,Roseville Community Charter School,Newark,07107,540 Orange Street,,,551,618,1,10.84,0.2009419,561,0,611,8.18,0.1718478,,K,4,1
23,3400048,Academy Charter High School,Lake Como,07719,1725 Main Street,,,551,618,1,10.84,0.2009419,561,0,611,8.18,0.1718478,,9,12,1
24,3400793,College Achieve Paterson Charter School,Paterson,07501,21 Market Street,,,551,618,1,10.84,0.2009419,561,0,611,8.18,0.1718478,,K,7,1
25,3411220,New Brunswick School District,New Brunswick,08901,268 Baldwin Street,,,551,618,1,10.84,0.2009419,561,0,611,8.18,0.1718478,,PK,12,11
26,3417940,Wildwood City School District,Wildwood,08260,4300 Pacific Avenue,,,551,618,1,10.84,0.2009419,561,0,611,8.18,0.1718478,,PK,12,3
27,3400753,M.E.T.S. Charter School,Jersey City,07307,211 Sherman Avenue,,,551,618,1,10.84,0.2009419,561,0,611,8.18,0.1718478,,6,12,1
28,3412870,Pennsauken Township Board Of Education School District,Pennsauken,08110,1695 Hylton Road,,,551,618,1,10.84,0.2009419,561,0,611,8.18,0.1718478,,PK,12,9
29,3400041,International Charter School of Trenton,Trenton,08611,105 Grand Street,,,551,618,1,10.84,0.2009419,561,0,611,8.18,0.1718478,,K,4,1
30,3402100,Bound Brook School District,Bound Brook,08805,130 West Maple Ave,,,551,618,1,10.84,0.2009419,561,0,611,8.18,0.1718478,,PK,12,5
31,3406600,Hampton Borough School District,Hampton,08827,32-41 South Street,,,551,618,1,10.84,0.2009419,561,0,611,8.18,0.1718478,,PK,5,1
32,3408160,Lakehurst School District,Lakehurst,08733,301 Union Avenue,,,551,618,1,10.84,0.2009419,561,0,611,8.18,0.1718478,,PK,8,1
33,3418270,Woodlynne School District,Woodlynne,08107,131 Elm Avenue,,,551,618,1,10.84,0.2009419,561,0,611,8.18,0.1718478,,PK,8,1
34,3408220,Lakewood Township School District,Lakewood,08701,200 Ramsey Avenue,,,551,618,1,10.84,0.2009419,561,0,611,8.18,0.1718478,,PK,12,8
35,3413140,Plainfield Public School District,Plainfield,07063,1200 Myrtle Avenue,,,551,618,1,10.84,0.2009419,561,0,611,8.18,0.1718478,,PK,12,13
36,3400741,Academy for Urban Leadership Charter School,Perth Amboy,08861,612 Amboy Ave,,,551,618,1,10.84,0.2009419,561,0,611,8.18,0.1718478,,7,12,1
37,3400073,University Academy Charter High School,Jersey City,07305,275 West Side Avenue,,,551,618,1,10.84,0.2009419,561,0,611,8.18,0.1718478,,9,12,1
38,3413470,Prospect Park Public School District,Prospect Park,07508,290 North 8th Street,,,551,618,1,10.84,0.2009419,561,0,611,8.18,0.1718478,,PK,8,1
39,3400777,KIPP: Cooper Norcross A New Jersey Nonprofit Corporation,Camden,08103,525 Clinton Street,,,551,618,1,10.84,0.2009419,561,0,611,8.18,0.1718478,,K,8,1
40,3418000,Willingboro Public School District,Willingboro,08046,440 Beverly Rancocas Road,,,551,618,1,10.84,0.2009419,561,0,611,8.18,0.1718478,,PK,12,8
41,3414010,Riverside Township School District,Riverside,08075,112 East Washington Street,,,551,618,1,10.84,0.2009419,561,0,611,8.18,0.1718478,,PK,12,3
42,3407860,Keansburg School District,Keansburg,07734,100 Palmer Place,,,551,618,1,10.84,0.2009419,561,0,611,8.18,0.1718478,,PK,12,4
43,3400023,New Horizons Community Charter School,Newark,07103,45-59 Hayes Street,,,551,618,1,10.84,0.2009419,561,0,611,8.18,0.1718478,,K,8,1
44,3413200,Pleasantville Public School District,Pleasantville,08232,801 Mill Road,,,551,618,1,10.84,0.2009419,561,0,611,8.18,0.1718478,,PK,12,7
45,3400730,Newark Educators Community Charter School,Newark,07102,9-11 Hill Street,,,551,618,1,10.84,0.2009419,561,0,611,8.18,0.1718478,,PK,4,1
46,3410320,Millville School District,Millville,08332,110 N. Third Street,,,551,618,1,10.84,0.2009419,561,0,611,8.18,0.1718478,,PK,12,9
47,3412540,Passaic City School District,Passaic,07055,663 Main Avenue,,,551,618,1,10.84,0.2009419,561,0,611,8.18,0.1718478,,PK,12,17
48,3407680,Irvington Public School District,Irvington,07111,1 University Place,,,551,618,1,10.84,0.2009419,561,0,611,8.18,0.1718478,,PK,12,12
49,3400084,University Heights Charter School,Newark,07103,74 Hartford St,,,551,618,1,10.84,0.2009419,561,0,611,8.18,0.1718478,,PK,8,1
0,3414790,Seaside Heights School District,Seaside Heights,08751,1200 Bay Blvd,,,601,618,0,2.75,0.0862831,578,0,611,5.4,0.1345158,219.0,PK,6,1
1,3400754,Peoples Preparatory Charter School District,Newark,07103,321 Bergen Street,,,601,618,0,2.75,0.0862831,578,0,611,5.4,0.1345158,,9,12,1
2,3400752,The Kingdom Charter School of Leadership,Blackwood,08012,121 West Church Street,,,601,618,0,2.75,0.0862831,578,0,611,5.4,0.1345158,,K,5,1
3,3400771,Atlantic Community Charter School,Galloway,08205,112 South New York Rd.,,,601,618,0,2.75,0.0862831,578,0,611,5.4,0.1345158,,K,8,1
4,3400782,Bridgeton Public Charter School,Bridgeton,08302,790 E. Commerce Street,,,601,618,0,2.75,0.0862831,578,0,611,5.4,0.1345158,,K,4,1
5,3412720,Paulsboro School District,Paulsboro,08066,662 N. Delaware Street,,,601,618,0,2.75,0.0862831,578,0,611,5.4,0.1345158,,PK,12,4
6,3414550,Salem City School District,Salem,08079,205 Walnut St,,,601,618,0,2.75,0.0862831,578,0,611,5.4,0.1345158,,PK,12,3
7,3402250,Bridgeton City School District,Bridgeton,08302,41 Bank Street,,,601,618,0,2.75,0.0862831,578,0,611,5.4,0.1345158,,PK,12,8
8,3400770,Trenton Stem-to-Civics Charter School,Ewing,08618,1555 Pennington Road,,,601,618,0,2.75,0.0862831,578,0,611,5.4,0.1345158,,6,12,1
9,3402640,Camden City School District,Camden,08105,1033 Cambridge Street,,,601,618,0,2.75,0.0862831,578,0,611,5.4,0.1345158,,PK,12,20
10,3400930,Asbury Park School District,Asbury Park,07712,910 4th Ave,,,601,618,0,2.75,0.0862831,578,0,611,5.4,0.1345158,,PK,12,5
11,3408640,Lindenwold Public School District,Lindenwold,08021,801 Egg Harbor Road,,,601,618,0,2.75,0.0862831,578,0,611,5.4,0.1345158,,PK,12,5
12,3416290,Trenton Public School District,Trenton,08609,108 North Clinton Avenue,,,601,618,0,2.75,0.0862831,578,0,611,5.4,0.1345158,,PK,12,20
13,3403480,Commercial Township School District,Port Norris,08349,1308 North Avenue,,,601,618,0,2.75,0.0862831,578,0,611,5.4,0.1345158,,PK,8,2
14,3400788,LEAD Charter School,New Brunswick,07103,201 Bergen St,,,601,618,0,2.75,0.0862831,578,0,611,5.4,0.1345158,,9,12,1
15,3405040,Fairfield Township School District,Bridgeton,08302,375 Gouldtown-Woodruff Rd.,,,601,618,0,2.75,0.0862831,578,0,611,5.4,0.1345158,,PK,8,1
16,3404530,Egg Harbor City School District,Egg Harbor City,08215,730 Havana Avenue,,,601,618,0,2.75,0.0862831,578,0,611,5.4,0.1345158,,PK,8,2
17,3400791,College Achieve Greater Asbury Park Charter School,Asbury Park,07712,508 3rd Ave,,,601,618,0,2.75,0.0862831,578,0,611,5.4,0.1345158,,K,7,1
